timestamp,localtime,station,aqi,pollutant,status,detail_url
2026-02-10T10:01:13Z,2026-02-10 17:01:13,Us Embassy 1,69.0,PM 2.5,Sedang,https://rendahemisi.jakarta.go.id/ispu-detail/1/us-embassy-1
2026-02-10T10:01:13Z,2026-02-10 17:01:13,Us Embassy 2,57.7,PM 2.5,Sedang,https://rendahemisi.jakarta.go.id/ispu-detail/2/us-embassy-2
2026-02-10T10:01:13Z,2026-02-10 17:01:13,Jakarta Gbk,65.0,PM 2.5,Sedang,https://rendahemisi.jakarta.go.id/ispu-detail/3/jakarta-gbk
2026-02-10T10:01:13Z,2026-02-10 17:01:13,Dki1 Bundaran Hi,53.0,PM 2.5,Sedang,https://rendahemisi.jakarta.go.id/ispu-detail/4/dki1-bundaran-hi
2026-02-10T10:01:13Z,2026-02-10 17:01:13,Dki2 Kelapa Gading,51.0,PM 2.5,Sedang,https://rendahemisi.jakarta.go.id/ispu-detail/5/dki2-kelapa-gading
2026-02-10T10:01:13Z,2026-02-10 17:01:13,Dki3 Jagakarsa,57.0,SO2,Sedang,https://rendahemisi.jakarta.go.id/ispu-detail/6/dki3-jagakarsa
2026-02-10T10:01:13Z,2026-02-10 17:01:13,Dki4 Lubang Buaya,40.0,PM 2.5,Baik,https://rendahemisi.jakarta.go.id/ispu-detail/7/dki4-lubang-buaya
2026-02-10T10:01:13Z,2026-02-10 17:01:13,Dki5 Kebun Jeruk,66.0,PM 2.5,Sedang,https://rendahemisi.jakarta.go.id/ispu-detail/8/dki5-kebun-jeruk


2026-02-10T10:42:01Z,2026-02-10 17:42:01,Us Embassy 1,69.0,PM 2.5,Sedang,https://rendahemisi.jakarta.go.id/ispu-detail/1/us-embassy-1
2026-02-10T10:42:01Z,2026-02-10 17:42:01,Us Embassy 2,57.7,PM 2.5,Sedang,https://rendahemisi.jakarta.go.id/ispu-detail/2/us-embassy-2
2026-02-10T10:42:01Z,2026-02-10 17:42:01,Jakarta Gbk,65.0,PM 2.5,Sedang,https://rendahemisi.jakarta.go.id/ispu-detail/3/jakarta-gbk
2026-02-10T10:42:01Z,2026-02-10 17:42:01,Dki1 Bundaran Hi,53.0,PM 2.5,Sedang,https://rendahemisi.jakarta.go.id/ispu-detail/4/dki1-bundaran-hi
2026-02-10T10:42:01Z,2026-02-10 17:42:01,Dki2 Kelapa Gading,51.0,PM 2.5,Sedang,https://rendahemisi.jakarta.go.id/ispu-detail/5/dki2-kelapa-gading
2026-02-10T10:42:01Z,2026-02-10 17:42:01,Dki3 Jagakarsa,57.0,SO2,Sedang,https://rendahemisi.jakarta.go.id/ispu-detail/6/dki3-jagakarsa
2026-02-10T10:42:01Z,2026-02-10 17:42:01,Dki4 Lubang Buaya,40.0,PM 2.5,Baik,https://rendahemisi.jakarta.go.id/ispu-detail/7/dki4-lubang-buaya
2026-02-10T10:42:01Z,2026-02-10 17:42:01,Dki5 Kebun Jeruk,66.0,PM 2.5,Sedang,https://rendahemisi.jakarta.go.id/ispu-detail/8/dki5-kebun-jeruk
2026-02-10T11:40:33Z,2026-02-10 18:40:33,Us Embassy 1,69.0,PM 2.5,Sedang,https://rendahemisi.jakarta.go.id/ispu-detail/1/us-embassy-1
2026-02-10T11:40:33Z,2026-02-10 18:40:33,Us Embassy 2,57.7,PM 2.5,Sedang,https://rendahemisi.jakarta.go.id/ispu-detail/2/us-embassy-2
2026-02-10T11:40:33Z,2026-02-10 18:40:33,Jakarta Gbk,65.0,PM 2.5,Sedang,https://rendahemisi.jakarta.go.id/ispu-detail/3/jakarta-gbk
2026-02-10T11:40:33Z,2026-02-10 18:40:33,Dki1 Bundaran Hi,53.0,PM 2.5,Sedang,https://rendahemisi.jakarta.go.id/ispu-detail/4/dki1-bundaran-hi
2026-02-10T11:40:33Z,2026-02-10 18:40:33,Dki2 Kelapa Gading,51.0,PM 2.5,Sedang,https://rendahemisi.jakarta.go.id/ispu-detail/5/dki2-kelapa-gading
2026-02-10T11:40:33Z,2026-02-10 18:40:33,Dki3 Jagakarsa,57.0,SO2,Sedang,https://rendahemisi.jakarta.go.id/ispu-detail/6/dki3-jagakarsa
2026-02-10T11:40:33Z,2026-02-10 18:40:33,Dki4 Lubang Buaya,40.0,PM 2.5,Baik,https://rendahemisi.jakarta.go.id/ispu-detail/7/dki4-lubang-buaya
2026-02-10T11:40:33Z,2026-02-10 18:40:33,Dki5 Kebun Jeruk,66.0,PM 2.5,Sedang,https://rendahemisi.jakarta.go.id/ispu-detail/8/dki5-kebun-jeruk
2026-02-10T12:42:13Z,2026-02-10 19:42:13,Us Embassy 1,69.0,PM 2.5,Sedang,https://rendahemisi.jakarta.go.id/ispu-detail/1/us-embassy-1
2026-02-10T12:42:13Z,2026-02-10 19:42:13,Us Embassy 2,57.7,PM 2.5,Sedang,https://rendahemisi.jakarta.go.id/ispu-detail/2/us-embassy-2
2026-02-10T12:42:13Z,2026-02-10 19:42:13,Jakarta Gbk,65.0,PM 2.5,Sedang,https://rendahemisi.jakarta.go.id/ispu-detail/3/jakarta-gbk
2026-02-10T12:42:13Z,2026-02-10 19:42:13,Dki1 Bundaran Hi,53.0,PM 2.5,Sedang,https://rendahemisi.jakarta.go.id/ispu-detail/4/dki1-bundaran-hi
2026-02-10T12:42:13Z,2026-02-10 19:42:13,Dki2 Kelapa Gading,51.0,PM 2.5,Sedang,https://rendahemisi.jakarta.go.id/ispu-detail/5/dki2-kelapa-gading
2026-02-10T12:42:13Z,2026-02-10 19:42:13,Dki3 Jagakarsa,57.0,SO2,Sedang,https://rendahemisi.jakarta.go.id/ispu-detail/6/dki3-jagakarsa
2026-02-10T12:42:13Z,2026-02-10 19:42:13,Dki4 Lubang Buaya,40.0,PM 2.5,Baik,https://rendahemisi.jakarta.go.id/ispu-detail/7/dki4-lubang-buaya
2026-02-10T12:42:13Z,2026-02-10 19:42:13,Dki5 Kebun Jeruk,66.0,PM 2.5,Sedang,https://rendahemisi.jakarta.go.id/ispu-detail/8/dki5-kebun-jeruk
2026-02-10T14:14:18Z,2026-02-10 21:14:18,Us Embassy 1,69.0,PM 2.5,Sedang,https://rendahemisi.jakarta.go.id/ispu-detail/1/us-embassy-1
2026-02-10T14:14:18Z,2026-02-10 21:14:18,Us Embassy 2,57.7,PM 2.5,Sedang,https://rendahemisi.jakarta.go.id/ispu-detail/2/us-embassy-2
2026-02-10T14:14:18Z,2026-02-10 21:14:18,Jakarta Gbk,65.0,PM 2.5,Sedang,https://rendahemisi.jakarta.go.id/ispu-detail/3/jakarta-gbk
2026-02-10T14:14:18Z,2026-02-10 21:14:18,Dki1 Bundaran Hi,53.0,PM 2.5,Sedang,https://rendahemisi.jakarta.go.id/ispu-detail/4/dki1-bundaran-hi
2026-02-10T14:14:18Z,2026-02-10 21:14:18,Dki2 Kelapa Gading,51.0,PM 2.5,Sedang,https://rendahemisi.jakarta.go.id/ispu-detail/5/dki2-kelapa-gading
2026-02-10T14:14:18Z,2026-02-10 21:14:18,Dki3 Jagakarsa,57.0,SO2,Sedang,https://rendahemisi.jakarta.go.id/ispu-detail/6/dki3-jagakarsa
2026-02-10T14:14:18Z,2026-02-10 21:14:18,Dki4 Lubang Buaya,40.0,PM 2.5,Baik,https://rendahemisi.jakarta.go.id/ispu-detail/7/dki4-lubang-buaya
2026-02-10T14:14:18Z,2026-02-10 21:14:18,Dki5 Kebun Jeruk,66.0,PM 2.5,Sedang,https://rendahemisi.jakarta.go.id/ispu-detail/8/dki5-kebun-jeruk
2026-02-10T15:54:41Z,2026-02-10 22:54:41,Us Embassy 1,69.0,PM 2.5,Sedang,https://rendahemisi.jakarta.go.id/ispu-detail/1/us-embassy-1
2026-02-10T15:54:41Z,2026-02-10 22:54:41,Us Embassy 2,57.7,PM 2.5,Sedang,https://rendahemisi.jakarta.go.id/ispu-detail/2/us-embassy-2
2026-02-10T15:54:41Z,2026-02-10 22:54:41,Jakarta Gbk,65.0,PM 2.5,Sedang,https://rendahemisi.jakarta.go.id/ispu-detail/3/jakarta-gbk
2026-02-10T15:54:41Z,2026-02-10 22:54:41,Dki1 Bundaran Hi,53.0,PM 2.5,Sedang,https://rendahemisi.jakarta.go.id/ispu-detail/4/dki1-bundaran-hi
2026-02-10T15:54:41Z,2026-02-10 22:54:41,Dki2 Kelapa Gading,51.0,PM 2.5,Sedang,https://rendahemisi.jakarta.go.id/ispu-detail/5/dki2-kelapa-gading
2026-02-10T15:54:41Z,2026-02-10 22:54:41,Dki3 Jagakarsa,57.0,SO2,Sedang,https://rendahemisi.jakarta.go.id/ispu-detail/6/dki3-jagakarsa
2026-02-10T15:54:41Z,2026-02-10 22:54:41,Dki4 Lubang Buaya,40.0,PM 2.5,Baik,https://rendahemisi.jakarta.go.id/ispu-detail/7/dki4-lubang-buaya
2026-02-10T15:54:41Z,2026-02-10 22:54:41,Dki5 Kebun Jeruk,66.0,PM 2.5,Sedang,https://rendahemisi.jakarta.go.id/ispu-detail/8/dki5-kebun-jeruk
2026-02-10T16:51:01Z,2026-02-10 23:51:01,Us Embassy 1,69.0,PM 2.5,Sedang,https://rendahemisi.jakarta.go.id/ispu-detail/1/us-embassy-1
2026-02-10T16:51:01Z,2026-02-10 23:51:01,Us Embassy 2,57.7,PM 2.5,Sedang,https://rendahemisi.jakarta.go.id/ispu-detail/2/us-embassy-2
2026-02-10T16:51:01Z,2026-02-10 23:51:01,Jakarta Gbk,65.0,PM 2.5,Sedang,https://rendahemisi.jakarta.go.id/ispu-detail/3/jakarta-gbk
2026-02-10T16:51:01Z,2026-02-10 23:51:01,Dki1 Bundaran Hi,53.0,PM 2.5,Sedang,https://rendahemisi.jakarta.go.id/ispu-detail/4/dki1-bundaran-hi
2026-02-10T16:51:01Z,2026-02-10 23:51:01,Dki2 Kelapa Gading,51.0,PM 2.5,Sedang,https://rendahemisi.jakarta.go.id/ispu-detail/5/dki2-kelapa-gading
2026-02-10T16:51:01Z,2026-02-10 23:51:01,Dki3 Jagakarsa,57.0,SO2,Sedang,https://rendahemisi.jakarta.go.id/ispu-detail/6/dki3-jagakarsa
2026-02-10T16:51:01Z,2026-02-10 23:51:01,Dki4 Lubang Buaya,40.0,PM 2.5,Baik,https://rendahemisi.jakarta.go.id/ispu-detail/7/dki4-lubang-buaya
2026-02-10T16:51:01Z,2026-02-10 23:51:01,Dki5 Kebun Jeruk,66.0,PM 2.5,Sedang,https://rendahemisi.jakarta.go.id/ispu-detail/8/dki5-kebun-jeruk
2026-02-10T17:52:28Z,2026-02-11 00:52:28,Us Embassy 1,69.0,PM 2.5,Sedang,https://rendahemisi.jakarta.go.id/ispu-detail/1/us-embassy-1
2026-02-10T17:52:28Z,2026-02-11 00:52:28,Us Embassy 2,57.7,PM 2.5,Sedang,https://rendahemisi.jakarta.go.id/ispu-detail/2/us-embassy-2
2026-02-10T17:52:28Z,2026-02-11 00:52:28,Jakarta Gbk,65.0,PM 2.5,Sedang,https://rendahemisi.jakarta.go.id/ispu-detail/3/jakarta-gbk
2026-02-10T17:52:28Z,2026-02-11 00:52:28,Dki1 Bundaran Hi,53.0,PM 2.5,Sedang,https://rendahemisi.jakarta.go.id/ispu-detail/4/dki1-bundaran-hi
2026-02-10T17:52:28Z,2026-02-11 00:52:28,Dki2 Kelapa Gading,51.0,PM 2.5,Sedang,https://rendahemisi.jakarta.go.id/ispu-detail/5/dki2-kelapa-gading
2026-02-10T17:52:28Z,2026-02-11 00:52:28,Dki3 Jagakarsa,57.0,SO2,Sedang,https://rendahemisi.jakarta.go.id/ispu-detail/6/dki3-jagakarsa
2026-02-10T17:52:28Z,2026-02-11 00:52:28,Dki4 Lubang Buaya,40.0,PM 2.5,Baik,https://rendahemisi.jakarta.go.id/ispu-detail/7/dki4-lubang-buaya
2026-02-10T17:52:28Z,2026-02-11 00:52:28,Dki5 Kebun Jeruk,66.0,PM 2.5,Sedang,https://rendahemisi.jakarta.go.id/ispu-detail/8/dki5-kebun-jeruk
2026-02-10T18:49:18Z,2026-02-11 01:49:18,Us Embassy 1,69.0,PM 2.5,Sedang,https://rendahemisi.jakarta.go.id/ispu-detail/1/us-embassy-1
2026-02-10T18:49:18Z,2026-02-11 01:49:18,Us Embassy 2,57.7,PM 2.5,Sedang,https://rendahemisi.jakarta.go.id/ispu-detail/2/us-embassy-2
2026-02-10T18:49:18Z,2026-02-11 01:49:18,Jakarta Gbk,65.0,PM 2.5,Sedang,https://rendahemisi.jakarta.go.id/ispu-detail/3/jakarta-gbk
2026-02-10T18:49:18Z,2026-02-11 01:49:18,Dki1 Bundaran Hi,53.0,PM 2.5,Sedang,https://rendahemisi.jakarta.go.id/ispu-detail/4/dki1-bundaran-hi
2026-02-10T18:49:18Z,2026-02-11 01:49:18,Dki2 Kelapa Gading,51.0,PM 2.5,Sedang,https://rendahemisi.jakarta.go.id/ispu-detail/5/dki2-kelapa-gading
2026-02-10T18:49:18Z,2026-02-11 01:49:18,Dki3 Jagakarsa,57.0,SO2,Sedang,https://rendahemisi.jakarta.go.id/ispu-detail/6/dki3-jagakarsa
2026-02-10T18:49:18Z,2026-02-11 01:49:18,Dki4 Lubang Buaya,40.0,PM 2.5,Baik,https://rendahemisi.jakarta.go.id/ispu-detail/7/dki4-lubang-buaya
2026-02-10T18:49:18Z,2026-02-11 01:49:18,Dki5 Kebun Jeruk,66.0,PM 2.5,Sedang,https://rendahemisi.jakarta.go.id/ispu-detail/8/dki5-kebun-jeruk
2026-02-10T19:53:16Z,2026-02-11 02:53:16,Us Embassy 1,69.0,PM 2.5,Sedang,https://rendahemisi.jakarta.go.id/ispu-detail/1/us-embassy-1
2026-02-10T19:53:16Z,2026-02-11 02:53:16,Us Embassy 2,57.7,PM 2.5,Sedang,https://rendahemisi.jakarta.go.id/ispu-detail/2/us-embassy-2
2026-02-10T19:53:16Z,2026-02-11 02:53:16,Jakarta Gbk,65.0,PM 2.5,Sedang,https://rendahemisi.jakarta.go.id/ispu-detail/3/jakarta-gbk
2026-02-10T19:53:16Z,2026-02-11 02:53:16,Dki1 Bundaran Hi,53.0,PM 2.5,Sedang,https://rendahemisi.jakarta.go.id/ispu-detail/4/dki1-bundaran-hi
2026-02-10T19:53:16Z,2026-02-11 02:53:16,Dki2 Kelapa Gading,51.0,PM 2.5,Sedang,https://rendahemisi.jakarta.go.id/ispu-detail/5/dki2-kelapa-gading
2026-02-10T19:53:16Z,2026-02-11 02:53:16,Dki3 Jagakarsa,57.0,SO2,Sedang,https://rendahemisi.jakarta.go.id/ispu-detail/6/dki3-jagakarsa
2026-02-10T19:53:16Z,2026-02-11 02:53:16,Dki4 Lubang Buaya,40.0,PM 2.5,Baik,https://rendahemisi.jakarta.go.id/ispu-detail/7/dki4-lubang-buaya
2026-02-10T19:53:16Z,2026-02-11 02:53:16,Dki5 Kebun Jeruk,66.0,PM 2.5,Sedang,https://rendahemisi.jakarta.go.id/ispu-detail/8/dki5-kebun-jeruk
2026-02-10T20:33:01Z,2026-02-11 03:33:01,Us Embassy 1,69.0,PM 2.5,Sedang,https://rendahemisi.jakarta.go.id/ispu-detail/1/us-embassy-1
2026-02-10T20:33:01Z,2026-02-11 03:33:01,Us Embassy 2,57.7,PM 2.5,Sedang,https://rendahemisi.jakarta.go.id/ispu-detail/2/us-embassy-2
2026-02-10T20:33:01Z,2026-02-11 03:33:01,Jakarta Gbk,65.0,PM 2.5,Sedang,https://rendahemisi.jakarta.go.id/ispu-detail/3/jakarta-gbk
2026-02-10T20:33:01Z,2026-02-11 03:33:01,Dki1 Bundaran Hi,53.0,PM 2.5,Sedang,https://rendahemisi.jakarta.go.id/ispu-detail/4/dki1-bundaran-hi
2026-02-10T20:33:01Z,2026-02-11 03:33:01,Dki2 Kelapa Gading,51.0,PM 2.5,Sedang,https://rendahemisi.jakarta.go.id/ispu-detail/5/dki2-kelapa-gading
2026-02-10T20:33:01Z,2026-02-11 03:33:01,Dki3 Jagakarsa,57.0,SO2,Sedang,https://rendahemisi.jakarta.go.id/ispu-detail/6/dki3-jagakarsa
2026-02-10T20:33:01Z,2026-02-11 03:33:01,Dki4 Lubang Buaya,40.0,PM 2.5,Baik,https://rendahemisi.jakarta.go.id/ispu-detail/7/dki4-lubang-buaya
2026-02-10T20:33:01Z,2026-02-11 03:33:01,Dki5 Kebun Jeruk,66.0,PM 2.5,Sedang,https://rendahemisi.jakarta.go.id/ispu-detail/8/dki5-kebun-jeruk
2026-02-10T21:32:02Z,2026-02-11 04:32:02,Us Embassy 1,69.0,PM 2.5,Sedang,https://rendahemisi.jakarta.go.id/ispu-detail/1/us-embassy-1
2026-02-10T21:32:02Z,2026-02-11 04:32:02,Us Embassy 2,57.7,PM 2.5,Sedang,https://rendahemisi.jakarta.go.id/ispu-detail/2/us-embassy-2
2026-02-10T21:32:02Z,2026-02-11 04:32:02,Jakarta Gbk,65.0,PM 2.5,Sedang,https://rendahemisi.jakarta.go.id/ispu-detail/3/jakarta-gbk
2026-02-10T21:32:02Z,2026-02-11 04:32:02,Dki1 Bundaran Hi,53.0,PM 2.5,Sedang,https://rendahemisi.jakarta.go.id/ispu-detail/4/dki1-bundaran-hi
2026-02-10T21:32:02Z,2026-02-11 04:32:02,Dki2 Kelapa Gading,51.0,PM 2.5,Sedang,https://rendahemisi.jakarta.go.id/ispu-detail/5/dki2-kelapa-gading
2026-02-10T21:32:02Z,2026-02-11 04:32:02,Dki3 Jagakarsa,57.0,SO2,Sedang,https://rendahemisi.jakarta.go.id/ispu-detail/6/dki3-jagakarsa
2026-02-10T21:32:02Z,2026-02-11 04:32:02,Dki4 Lubang Buaya,40.0,PM 2.5,Baik,https://rendahemisi.jakarta.go.id/ispu-detail/7/dki4-lubang-buaya
2026-02-10T21:32:02Z,2026-02-11 04:32:02,Dki5 Kebun Jeruk,66.0,PM 2.5,Sedang,https://rendahemisi.jakarta.go.id/ispu-detail/8/dki5-kebun-jeruk
2026-02-10T22:27:23Z,2026-02-11 05:27:23,Us Embassy 1,69.0,PM 2.5,Sedang,https://rendahemisi.jakarta.go.id/ispu-detail/1/us-embassy-1
2026-02-10T22:27:23Z,2026-02-11 05:27:23,Us Embassy 2,57.7,PM 2.5,Sedang,https://rendahemisi.jakarta.go.id/ispu-detail/2/us-embassy-2
2026-02-10T22:27:23Z,2026-02-11 05:27:23,Jakarta Gbk,65.0,PM 2.5,Sedang,https://rendahemisi.jakarta.go.id/ispu-detail/3/jakarta-gbk
2026-02-10T22:27:23Z,2026-02-11 05:27:23,Dki1 Bundaran Hi,53.0,PM 2.5,Sedang,https://rendahemisi.jakarta.go.id/ispu-detail/4/dki1-bundaran-hi
2026-02-10T22:27:23Z,2026-02-11 05:27:23,Dki2 Kelapa Gading,51.0,PM 2.5,Sedang,https://rendahemisi.jakarta.go.id/ispu-detail/5/dki2-kelapa-gading
2026-02-10T22:27:23Z,2026-02-11 05:27:23,Dki3 Jagakarsa,57.0,SO2,Sedang,https://rendahemisi.jakarta.go.id/ispu-detail/6/dki3-jagakarsa
2026-02-10T22:27:23Z,2026-02-11 05:27:23,Dki4 Lubang Buaya,40.0,PM 2.5,Baik,https://rendahemisi.jakarta.go.id/ispu-detail/7/dki4-lubang-buaya
2026-02-10T22:27:23Z,2026-02-11 05:27:23,Dki5 Kebun Jeruk,66.0,PM 2.5,Sedang,https://rendahemisi.jakarta.go.id/ispu-detail/8/dki5-kebun-jeruk
2026-02-10T23:28:16Z,2026-02-11 06:28:16,Us Embassy 1,69.0,PM 2.5,Sedang,https://rendahemisi.jakarta.go.id/ispu-detail/1/us-embassy-1
2026-02-10T23:28:16Z,2026-02-11 06:28:16,Us Embassy 2,57.7,PM 2.5,Sedang,https://rendahemisi.jakarta.go.id/ispu-detail/2/us-embassy-2
2026-02-10T23:28:16Z,2026-02-11 06:28:16,Jakarta Gbk,65.0,PM 2.5,Sedang,https://rendahemisi.jakarta.go.id/ispu-detail/3/jakarta-gbk
2026-02-10T23:28:16Z,2026-02-11 06:28:16,Dki1 Bundaran Hi,53.0,PM 2.5,Sedang,https://rendahemisi.jakarta.go.id/ispu-detail/4/dki1-bundaran-hi
2026-02-10T23:28:16Z,2026-02-11 06:28:16,Dki2 Kelapa Gading,51.0,PM 2.5,Sedang,https://rendahemisi.jakarta.go.id/ispu-detail/5/dki2-kelapa-gading
2026-02-10T23:28:16Z,2026-02-11 06:28:16,Dki3 Jagakarsa,57.0,SO2,Sedang,https://rendahemisi.jakarta.go.id/ispu-detail/6/dki3-jagakarsa
2026-02-10T23:28:16Z,2026-02-11 06:28:16,Dki4 Lubang Buaya,40.0,PM 2.5,Baik,https://rendahemisi.jakarta.go.id/ispu-detail/7/dki4-lubang-buaya
2026-02-10T23:28:16Z,2026-02-11 06:28:16,Dki5 Kebun Jeruk,66.0,PM 2.5,Sedang,https://rendahemisi.jakarta.go.id/ispu-detail/8/dki5-kebun-jeruk
2026-02-11T01:09:27Z,2026-02-11 08:09:27,Us Embassy 1,69.0,PM 2.5,Sedang,https://rendahemisi.jakarta.go.id/ispu-detail/1/us-embassy-1
2026-02-11T01:09:27Z,2026-02-11 08:09:27,Us Embassy 2,57.7,PM 2.5,Sedang,https://rendahemisi.jakarta.go.id/ispu-detail/2/us-embassy-2
2026-02-11T01:09:27Z,2026-02-11 08:09:27,Jakarta Gbk,65.0,PM 2.5,Sedang,https://rendahemisi.jakarta.go.id/ispu-detail/3/jakarta-gbk
2026-02-11T01:09:27Z,2026-02-11 08:09:27,Dki1 Bundaran Hi,53.0,PM 2.5,Sedang,https://rendahemisi.jakarta.go.id/ispu-detail/4/dki1-bundaran-hi
2026-02-11T01:09:27Z,2026-02-11 08:09:27,Dki2 Kelapa Gading,51.0,PM 2.5,Sedang,https://rendahemisi.jakarta.go.id/ispu-detail/5/dki2-kelapa-gading
2026-02-11T01:09:27Z,2026-02-11 08:09:27,Dki3 Jagakarsa,57.0,SO2,Sedang,https://rendahemisi.jakarta.go.id/ispu-detail/6/dki3-jagakarsa
2026-02-11T01:09:27Z,2026-02-11 08:09:27,Dki4 Lubang Buaya,40.0,PM 2.5,Baik,https://rendahemisi.jakarta.go.id/ispu-detail/7/dki4-lubang-buaya
2026-02-11T01:09:27Z,2026-02-11 08:09:27,Dki5 Kebun Jeruk,66.0,PM 2.5,Sedang,https://rendahemisi.jakarta.go.id/ispu-detail/8/dki5-kebun-jeruk
2026-02-11T04:18:32Z,2026-02-11 11:18:32,Us Embassy 1,69.0,PM 2.5,Sedang,https://rendahemisi.jakarta.go.id/ispu-detail/1/us-embassy-1
2026-02-11T04:18:32Z,2026-02-11 11:18:32,Us Embassy 2,57.7,PM 2.5,Sedang,https://rendahemisi.jakarta.go.id/ispu-detail/2/us-embassy-2
2026-02-11T04:18:32Z,2026-02-11 11:18:32,Jakarta Gbk,65.0,PM 2.5,Sedang,https://rendahemisi.jakarta.go.id/ispu-detail/3/jakarta-gbk
2026-02-11T04:18:32Z,2026-02-11 11:18:32,Dki1 Bundaran Hi,53.0,PM 2.5,Sedang,https://rendahemisi.jakarta.go.id/ispu-detail/4/dki1-bundaran-hi
2026-02-11T04:18:32Z,2026-02-11 11:18:32,Dki2 Kelapa Gading,51.0,PM 2.5,Sedang,https://rendahemisi.jakarta.go.id/ispu-detail/5/dki2-kelapa-gading
2026-02-11T04:18:32Z,2026-02-11 11:18:32,Dki3 Jagakarsa,57.0,SO2,Sedang,https://rendahemisi.jakarta.go.id/ispu-detail/6/dki3-jagakarsa
2026-02-11T04:18:32Z,2026-02-11 11:18:32,Dki4 Lubang Buaya,40.0,PM 2.5,Baik,https://rendahemisi.jakarta.go.id/ispu-detail/7/dki4-lubang-buaya
2026-02-11T04:18:32Z,2026-02-11 11:18:32,Dki5 Kebun Jeruk,66.0,PM 2.5,Sedang,https://rendahemisi.jakarta.go.id/ispu-detail/8/dki5-kebun-jeruk
2026-02-11T06:01:26Z,2026-02-11 13:01:26,Us Embassy 1,69.0,PM 2.5,Sedang,https://rendahemisi.jakarta.go.id/ispu-detail/1/us-embassy-1
2026-02-11T06:01:26Z,2026-02-11 13:01:26,Us Embassy 2,57.7,PM 2.5,Sedang,https://rendahemisi.jakarta.go.id/ispu-detail/2/us-embassy-2
2026-02-11T06:01:26Z,2026-02-11 13:01:26,Jakarta Gbk,65.0,PM 2.5,Sedang,https://rendahemisi.jakarta.go.id/ispu-detail/3/jakarta-gbk
2026-02-11T06:01:26Z,2026-02-11 13:01:26,Dki1 Bundaran Hi,53.0,PM 2.5,Sedang,https://rendahemisi.jakarta.go.id/ispu-detail/4/dki1-bundaran-hi
2026-02-11T06:01:26Z,2026-02-11 13:01:26,Dki2 Kelapa Gading,51.0,PM 2.5,Sedang,https://rendahemisi.jakarta.go.id/ispu-detail/5/dki2-kelapa-gading
2026-02-11T06:01:26Z,2026-02-11 13:01:26,Dki3 Jagakarsa,57.0,SO2,Sedang,https://rendahemisi.jakarta.go.id/ispu-detail/6/dki3-jagakarsa
2026-02-11T06:01:26Z,2026-02-11 13:01:26,Dki4 Lubang Buaya,40.0,PM 2.5,Baik,https://rendahemisi.jakarta.go.id/ispu-detail/7/dki4-lubang-buaya
2026-02-11T06:01:26Z,2026-02-11 13:01:26,Dki5 Kebun Jeruk,66.0,PM 2.5,Sedang,https://rendahemisi.jakarta.go.id/ispu-detail/8/dki5-kebun-jeruk
2026-02-11T07:44:45Z,2026-02-11 14:44:45,Us Embassy 1,69.0,PM 2.5,Sedang,https://rendahemisi.jakarta.go.id/ispu-detail/1/us-embassy-1
2026-02-11T07:44:45Z,2026-02-11 14:44:45,Us Embassy 2,57.7,PM 2.5,Sedang,https://rendahemisi.jakarta.go.id/ispu-detail/2/us-embassy-2
2026-02-11T07:44:45Z,2026-02-11 14:44:45,Jakarta Gbk,65.0,PM 2.5,Sedang,https://rendahemisi.jakarta.go.id/ispu-detail/3/jakarta-gbk
2026-02-11T07:44:45Z,2026-02-11 14:44:45,Dki1 Bundaran Hi,53.0,PM 2.5,Sedang,https://rendahemisi.jakarta.go.id/ispu-detail/4/dki1-bundaran-hi
2026-02-11T07:44:45Z,2026-02-11 14:44:45,Dki2 Kelapa Gading,51.0,PM 2.5,Sedang,https://rendahemisi.jakarta.go.id/ispu-detail/5/dki2-kelapa-gading
2026-02-11T07:44:45Z,2026-02-11 14:44:45,Dki3 Jagakarsa,57.0,SO2,Sedang,https://rendahemisi.jakarta.go.id/ispu-detail/6/dki3-jagakarsa
2026-02-11T07:44:45Z,2026-02-11 14:44:45,Dki4 Lubang Buaya,40.0,PM 2.5,Baik,https://rendahemisi.jakarta.go.id/ispu-detail/7/dki4-lubang-buaya
2026-02-11T07:44:45Z,2026-02-11 14:44:45,Dki5 Kebun Jeruk,66.0,PM 2.5,Sedang,https://rendahemisi.jakarta.go.id/ispu-detail/8/dki5-kebun-jeruk
2026-02-11T08:33:36Z,2026-02-11 15:33:36,Us Embassy 1,69.0,PM 2.5,Sedang,https://rendahemisi.jakarta.go.id/ispu-detail/1/us-embassy-1
2026-02-11T08:33:36Z,2026-02-11 15:33:36,Us Embassy 2,57.7,PM 2.5,Sedang,https://rendahemisi.jakarta.go.id/ispu-detail/2/us-embassy-2
2026-02-11T08:33:36Z,2026-02-11 15:33:36,Jakarta Gbk,65.0,PM 2.5,Sedang,https://rendahemisi.jakarta.go.id/ispu-detail/3/jakarta-gbk
2026-02-11T08:33:36Z,2026-02-11 15:33:36,Dki1 Bundaran Hi,53.0,PM 2.5,Sedang,https://rendahemisi.jakarta.go.id/ispu-detail/4/dki1-bundaran-hi
2026-02-11T08:33:36Z,2026-02-11 15:33:36,Dki2 Kelapa Gading,51.0,PM 2.5,Sedang,https://rendahemisi.jakarta.go.id/ispu-detail/5/dki2-kelapa-gading
2026-02-11T08:33:36Z,2026-02-11 15:33:36,Dki3 Jagakarsa,57.0,SO2,Sedang,https://rendahemisi.jakarta.go.id/ispu-detail/6/dki3-jagakarsa
2026-02-11T08:33:36Z,2026-02-11 15:33:36,Dki4 Lubang Buaya,40.0,PM 2.5,Baik,https://rendahemisi.jakarta.go.id/ispu-detail/7/dki4-lubang-buaya
2026-02-11T08:33:36Z,2026-02-11 15:33:36,Dki5 Kebun Jeruk,66.0,PM 2.5,Sedang,https://rendahemisi.jakarta.go.id/ispu-detail/8/dki5-kebun-jeruk
2026-02-11T09:40:22Z,2026-02-11 16:40:22,Us Embassy 1,69.0,PM 2.5,Sedang,https://rendahemisi.jakarta.go.id/ispu-detail/1/us-embassy-1
2026-02-11T09:40:22Z,2026-02-11 16:40:22,Us Embassy 2,57.7,PM 2.5,Sedang,https://rendahemisi.jakarta.go.id/ispu-detail/2/us-embassy-2
2026-02-11T09:40:22Z,2026-02-11 16:40:22,Jakarta Gbk,65.0,PM 2.5,Sedang,https://rendahemisi.jakarta.go.id/ispu-detail/3/jakarta-gbk
2026-02-11T09:40:22Z,2026-02-11 16:40:22,Dki1 Bundaran Hi,53.0,PM 2.5,Sedang,https://rendahemisi.jakarta.go.id/ispu-detail/4/dki1-bundaran-hi
2026-02-11T09:40:22Z,2026-02-11 16:40:22,Dki2 Kelapa Gading,51.0,PM 2.5,Sedang,https://rendahemisi.jakarta.go.id/ispu-detail/5/dki2-kelapa-gading
2026-02-11T09:40:22Z,2026-02-11 16:40:22,Dki3 Jagakarsa,57.0,SO2,Sedang,https://rendahemisi.jakarta.go.id/ispu-detail/6/dki3-jagakarsa
2026-02-11T09:40:22Z,2026-02-11 16:40:22,Dki4 Lubang Buaya,40.0,PM 2.5,Baik,https://rendahemisi.jakarta.go.id/ispu-detail/7/dki4-lubang-buaya
2026-02-11T09:40:22Z,2026-02-11 16:40:22,Dki5 Kebun Jeruk,66.0,PM 2.5,Sedang,https://rendahemisi.jakarta.go.id/ispu-detail/8/dki5-kebun-jeruk
2026-02-11T10:37:16Z,2026-02-11 17:37:16,Us Embassy 1,69.0,PM 2.5,Sedang,https://rendahemisi.jakarta.go.id/ispu-detail/1/us-embassy-1
2026-02-11T10:37:16Z,2026-02-11 17:37:16,Us Embassy 2,57.7,PM 2.5,Sedang,https://rendahemisi.jakarta.go.id/ispu-detail/2/us-embassy-2
2026-02-11T10:37:16Z,2026-02-11 17:37:16,Jakarta Gbk,65.0,PM 2.5,Sedang,https://rendahemisi.jakarta.go.id/ispu-detail/3/jakarta-gbk
2026-02-11T10:37:16Z,2026-02-11 17:37:16,Dki1 Bundaran Hi,53.0,PM 2.5,Sedang,https://rendahemisi.jakarta.go.id/ispu-detail/4/dki1-bundaran-hi
2026-02-11T10:37:16Z,2026-02-11 17:37:16,Dki2 Kelapa Gading,51.0,PM 2.5,Sedang,https://rendahemisi.jakarta.go.id/ispu-detail/5/dki2-kelapa-gading
2026-02-11T10:37:16Z,2026-02-11 17:37:16,Dki3 Jagakarsa,57.0,SO2,Sedang,https://rendahemisi.jakarta.go.id/ispu-detail/6/dki3-jagakarsa
2026-02-11T10:37:16Z,2026-02-11 17:37:16,Dki4 Lubang Buaya,40.0,PM 2.5,Baik,https://rendahemisi.jakarta.go.id/ispu-detail/7/dki4-lubang-buaya
2026-02-11T10:37:16Z,2026-02-11 17:37:16,Dki5 Kebun Jeruk,66.0,PM 2.5,Sedang,https://rendahemisi.jakarta.go.id/ispu-detail/8/dki5-kebun-jeruk
2026-02-11T11:35:18Z,2026-02-11 18:35:18,Us Embassy 1,69.0,PM 2.5,Sedang,https://rendahemisi.jakarta.go.id/ispu-detail/1/us-embassy-1
2026-02-11T11:35:18Z,2026-02-11 18:35:18,Us Embassy 2,57.7,PM 2.5,Sedang,https://rendahemisi.jakarta.go.id/ispu-detail/2/us-embassy-2
2026-02-11T11:35:18Z,2026-02-11 18:35:18,Jakarta Gbk,65.0,PM 2.5,Sedang,https://rendahemisi.jakarta.go.id/ispu-detail/3/jakarta-gbk
2026-02-11T11:35:18Z,2026-02-11 18:35:18,Dki1 Bundaran Hi,53.0,PM 2.5,Sedang,https://rendahemisi.jakarta.go.id/ispu-detail/4/dki1-bundaran-hi
2026-02-11T11:35:18Z,2026-02-11 18:35:18,Dki2 Kelapa Gading,51.0,PM 2.5,Sedang,https://rendahemisi.jakarta.go.id/ispu-detail/5/dki2-kelapa-gading
2026-02-11T11:35:18Z,2026-02-11 18:35:18,Dki3 Jagakarsa,57.0,SO2,Sedang,https://rendahemisi.jakarta.go.id/ispu-detail/6/dki3-jagakarsa
2026-02-11T11:35:18Z,2026-02-11 18:35:18,Dki4 Lubang Buaya,40.0,PM 2.5,Baik,https://rendahemisi.jakarta.go.id/ispu-detail/7/dki4-lubang-buaya
2026-02-11T11:35:18Z,2026-02-11 18:35:18,Dki5 Kebun Jeruk,66.0,PM 2.5,Sedang,https://rendahemisi.jakarta.go.id/ispu-detail/8/dki5-kebun-jeruk
2026-02-11T12:37:41Z,2026-02-11 19:37:41,Us Embassy 1,69.0,PM 2.5,Sedang,https://rendahemisi.jakarta.go.id/ispu-detail/1/us-embassy-1
2026-02-11T12:37:41Z,2026-02-11 19:37:41,Us Embassy 2,57.7,PM 2.5,Sedang,https://rendahemisi.jakarta.go.id/ispu-detail/2/us-embassy-2
2026-02-11T12:37:41Z,2026-02-11 19:37:41,Jakarta Gbk,65.0,PM 2.5,Sedang,https://rendahemisi.jakarta.go.id/ispu-detail/3/jakarta-gbk
2026-02-11T12:37:41Z,2026-02-11 19:37:41,Dki1 Bundaran Hi,53.0,PM 2.5,Sedang,https://rendahemisi.jakarta.go.id/ispu-detail/4/dki1-bundaran-hi
2026-02-11T12:37:41Z,2026-02-11 19:37:41,Dki2 Kelapa Gading,51.0,PM 2.5,Sedang,https://rendahemisi.jakarta.go.id/ispu-detail/5/dki2-kelapa-gading
2026-02-11T12:37:41Z,2026-02-11 19:37:41,Dki3 Jagakarsa,57.0,SO2,Sedang,https://rendahemisi.jakarta.go.id/ispu-detail/6/dki3-jagakarsa
2026-02-11T12:37:41Z,2026-02-11 19:37:41,Dki4 Lubang Buaya,40.0,PM 2.5,Baik,https://rendahemisi.jakarta.go.id/ispu-detail/7/dki4-lubang-buaya
2026-02-11T12:37:41Z,2026-02-11 19:37:41,Dki5 Kebun Jeruk,66.0,PM 2.5,Sedang,https://rendahemisi.jakarta.go.id/ispu-detail/8/dki5-kebun-jeruk
2026-02-11T14:07:14Z,2026-02-11 21:07:14,Us Embassy 1,69.0,PM 2.5,Sedang,https://rendahemisi.jakarta.go.id/ispu-detail/1/us-embassy-1
2026-02-11T14:07:14Z,2026-02-11 21:07:14,Us Embassy 2,57.7,PM 2.5,Sedang,https://rendahemisi.jakarta.go.id/ispu-detail/2/us-embassy-2
2026-02-11T14:07:14Z,2026-02-11 21:07:14,Jakarta Gbk,65.0,PM 2.5,Sedang,https://rendahemisi.jakarta.go.id/ispu-detail/3/jakarta-gbk
2026-02-11T14:07:14Z,2026-02-11 21:07:14,Dki1 Bundaran Hi,53.0,PM 2.5,Sedang,https://rendahemisi.jakarta.go.id/ispu-detail/4/dki1-bundaran-hi
2026-02-11T14:07:14Z,2026-02-11 21:07:14,Dki2 Kelapa Gading,51.0,PM 2.5,Sedang,https://rendahemisi.jakarta.go.id/ispu-detail/5/dki2-kelapa-gading
2026-02-11T14:07:14Z,2026-02-11 21:07:14,Dki3 Jagakarsa,57.0,SO2,Sedang,https://rendahemisi.jakarta.go.id/ispu-detail/6/dki3-jagakarsa
2026-02-11T14:07:14Z,2026-02-11 21:07:14,Dki4 Lubang Buaya,40.0,PM 2.5,Baik,https://rendahemisi.jakarta.go.id/ispu-detail/7/dki4-lubang-buaya
2026-02-11T14:07:14Z,2026-02-11 21:07:14,Dki5 Kebun Jeruk,66.0,PM 2.5,Sedang,https://rendahemisi.jakarta.go.id/ispu-detail/8/dki5-kebun-jeruk
2026-02-11T15:46:41Z,2026-02-11 22:46:41,Us Embassy 1,69.0,PM 2.5,Sedang,https://rendahemisi.jakarta.go.id/ispu-detail/1/us-embassy-1
2026-02-11T15:46:41Z,2026-02-11 22:46:41,Us Embassy 2,57.7,PM 2.5,Sedang,https://rendahemisi.jakarta.go.id/ispu-detail/2/us-embassy-2
2026-02-11T15:46:41Z,2026-02-11 22:46:41,Jakarta Gbk,65.0,PM 2.5,Sedang,https://rendahemisi.jakarta.go.id/ispu-detail/3/jakarta-gbk
2026-02-11T15:46:41Z,2026-02-11 22:46:41,Dki1 Bundaran Hi,53.0,PM 2.5,Sedang,https://rendahemisi.jakarta.go.id/ispu-detail/4/dki1-bundaran-hi
2026-02-11T15:46:41Z,2026-02-11 22:46:41,Dki2 Kelapa Gading,51.0,PM 2.5,Sedang,https://rendahemisi.jakarta.go.id/ispu-detail/5/dki2-kelapa-gading
2026-02-11T15:46:41Z,2026-02-11 22:46:41,Dki3 Jagakarsa,57.0,SO2,Sedang,https://rendahemisi.jakarta.go.id/ispu-detail/6/dki3-jagakarsa
2026-02-11T15:46:41Z,2026-02-11 22:46:41,Dki4 Lubang Buaya,40.0,PM 2.5,Baik,https://rendahemisi.jakarta.go.id/ispu-detail/7/dki4-lubang-buaya
2026-02-11T15:46:41Z,2026-02-11 22:46:41,Dki5 Kebun Jeruk,66.0,PM 2.5,Sedang,https://rendahemisi.jakarta.go.id/ispu-detail/8/dki5-kebun-jeruk
2026-02-11T16:50:14Z,2026-02-11 23:50:14,Us Embassy 1,69.0,PM 2.5,Sedang,https://rendahemisi.jakarta.go.id/ispu-detail/1/us-embassy-1
2026-02-11T16:50:14Z,2026-02-11 23:50:14,Us Embassy 2,57.7,PM 2.5,Sedang,https://rendahemisi.jakarta.go.id/ispu-detail/2/us-embassy-2
2026-02-11T16:50:14Z,2026-02-11 23:50:14,Jakarta Gbk,65.0,PM 2.5,Sedang,https://rendahemisi.jakarta.go.id/ispu-detail/3/jakarta-gbk
2026-02-11T16:50:14Z,2026-02-11 23:50:14,Dki1 Bundaran Hi,53.0,PM 2.5,Sedang,https://rendahemisi.jakarta.go.id/ispu-detail/4/dki1-bundaran-hi
2026-02-11T16:50:14Z,2026-02-11 23:50:14,Dki2 Kelapa Gading,51.0,PM 2.5,Sedang,https://rendahemisi.jakarta.go.id/ispu-detail/5/dki2-kelapa-gading
2026-02-11T16:50:14Z,2026-02-11 23:50:14,Dki3 Jagakarsa,57.0,SO2,Sedang,https://rendahemisi.jakarta.go.id/ispu-detail/6/dki3-jagakarsa
2026-02-11T16:50:14Z,2026-02-11 23:50:14,Dki4 Lubang Buaya,40.0,PM 2.5,Baik,https://rendahemisi.jakarta.go.id/ispu-detail/7/dki4-lubang-buaya
2026-02-11T16:50:14Z,2026-02-11 23:50:14,Dki5 Kebun Jeruk,66.0,PM 2.5,Sedang,https://rendahemisi.jakarta.go.id/ispu-detail/8/dki5-kebun-jeruk
2026-02-11T17:48:03Z,2026-02-12 00:48:03,Us Embassy 1,69.0,PM 2.5,Sedang,https://rendahemisi.jakarta.go.id/ispu-detail/1/us-embassy-1
2026-02-11T17:48:03Z,2026-02-12 00:48:03,Us Embassy 2,57.7,PM 2.5,Sedang,https://rendahemisi.jakarta.go.id/ispu-detail/2/us-embassy-2
2026-02-11T17:48:03Z,2026-02-12 00:48:03,Jakarta Gbk,65.0,PM 2.5,Sedang,https://rendahemisi.jakarta.go.id/ispu-detail/3/jakarta-gbk
2026-02-11T17:48:03Z,2026-02-12 00:48:03,Dki1 Bundaran Hi,53.0,PM 2.5,Sedang,https://rendahemisi.jakarta.go.id/ispu-detail/4/dki1-bundaran-hi
2026-02-11T17:48:03Z,2026-02-12 00:48:03,Dki2 Kelapa Gading,51.0,PM 2.5,Sedang,https://rendahemisi.jakarta.go.id/ispu-detail/5/dki2-kelapa-gading
2026-02-11T17:48:03Z,2026-02-12 00:48:03,Dki3 Jagakarsa,57.0,SO2,Sedang,https://rendahemisi.jakarta.go.id/ispu-detail/6/dki3-jagakarsa
2026-02-11T17:48:03Z,2026-02-12 00:48:03,Dki4 Lubang Buaya,40.0,PM 2.5,Baik,https://rendahemisi.jakarta.go.id/ispu-detail/7/dki4-lubang-buaya
2026-02-11T17:48:03Z,2026-02-12 00:48:03,Dki5 Kebun Jeruk,66.0,PM 2.5,Sedang,https://rendahemisi.jakarta.go.id/ispu-detail/8/dki5-kebun-jeruk
