station_name,location,datetime_local,scraped_at,aqi,aqi_category,main_pollutant,pollutant_density,temperature,humidity,wind_speed,pressure
Duta Niaga Pondok Indah,"Indonesia, Jakarta, Jakarta","10.00, Mar 30 Waktu setempat",2026-03-30 04:03:33,94,Sedang,PM2.5,32 µg/m³,30°C,75%,7 km/h,1011 mbar
JI. Benda Dalam,"Indonesia, Jakarta, Jakarta","10.00, Mar 30 Waktu setempat",2026-03-30 04:04:27,86,Sedang,PM2.5,28 µg/m³,30°C,75%,7 km/h,1011 mbar
P2T,"Indonesia, Banten, South Tangerang","10.00, Mar 30 Waktu setempat",2026-03-30 04:04:55,77,Sedang,PM2.5,23 µg/m³,30°C,68%,8 km/h,1012 mbar
Yayasan AHP - Lebak Bulus,"Indonesia, Banten, South Tangerang","11.00, Mar 30 Waktu setempat",2026-03-30 04:05:22,77,Sedang,PM2.5,23 µg/m³,30°C,67%,7 km/h,1013 mbar
"Pulo Mas, Kayu Putih","Pulo Mas, Kayu Putih","10.00, Mar 30 Waktu setempat",2026-03-30 04:05:46,107,Tidak sehat bagi kelompok sensitif,PM2.5,38 µg/m³,31°C,70%,6 km/h,1012 mbar
Taman Patra,"Indonesia, Jakarta, Jakarta","11.00, Mar 30 Waktu setempat",2026-03-30 04:06:14,88,Sedang,PM2.5,29 µg/m³,30°C,75%,7 km/h,1011 mbar
Ascott Kuningan - myhome,"Indonesia, Jakarta, Jakarta","10.00, Mar 30 Waktu setempat",2026-03-30 04:06:42,132,Tidak sehat bagi kelompok sensitif,PM2.5,48 µg/m³,30°C,75%,7 km/h,1011 mbar
Casa Grande Tower Chianti,"Indonesia, Jakarta, Jakarta","11.00, Mar 30 Waktu setempat",2026-03-30 04:07:04,97,Sedang,PM2.5,34 µg/m³,30°C,75%,7 km/h,1011 mbar
INDODAX,"Indonesia, Jakarta, Jakarta","11.00, Mar 30 Waktu setempat",2026-03-30 04:07:32,90,Sedang,PM2.5,29.8 µg/m³,30°C,75%,7 km/h,1011 mbar
Wisma Matahari Power,"Indonesia, Jakarta, Jakarta","11.00, Mar 30 Waktu setempat",2026-03-30 04:08:00,86,Sedang,PM2.5,28 µg/m³,30°C,75%,7 km/h,1011 mbar
Kemang Timur V,"Indonesia, Jakarta, Jakarta","11.00, Mar 30 Waktu setempat",2026-03-30 04:08:23,94,Sedang,PM2.5,32 µg/m³,30°C,75%,7 km/h,1011 mbar
AHP Capital Place,"Indonesia, Jakarta, Jakarta","11.00, Mar 30 Waktu setempat",2026-03-30 04:08:51,94,Sedang,PM2.5,32 µg/m³,30°C,75%,7 km/h,1011 mbar
"Rambutan, Ciracas","Rambutan, Ciracas","11.00, Mar 30 Waktu setempat",2026-03-30 04:09:18,89,Sedang,PM2.5,29.7 µg/m³,30°C,75%,7 km/h,1011 mbar
ERASMUS HUIS DUTCH CULTURAL CENTER,"Indonesia, Jakarta, Jakarta","11.00, Mar 30 Waktu setempat",2026-03-30 04:09:45,99,Sedang,PM2.5,34.7 µg/m³,30°C,75%,7 km/h,1011 mbar
Jeruk Purut,"Indonesia, Jakarta, Jakarta","11.00, Mar 30 Waktu setempat",2026-03-30 04:10:12,94,Sedang,PM2.5,32 µg/m³,30°C,75%,7 km/h,1011 mbar
Cipete Selatan Asem II,"Indonesia, Jakarta, Jakarta","11.00, Mar 30 Waktu setempat",2026-03-30 04:10:40,84,Sedang,PM2.5,27 µg/m³,30°C,75%,7 km/h,1011 mbar
Cilandak Barat,"Indonesia, Jakarta, Jakarta","11.00, Mar 30 Waktu setempat",2026-03-30 04:11:02,90,Sedang,PM2.5,30 µg/m³,30°C,75%,7 km/h,1011 mbar
idsMED - JKT - Wisma 76,"Indonesia, Jakarta, Jakarta","11.00, Mar 30 Waktu setempat",2026-03-30 04:11:30,82,Sedang,PM2.5,25.8 µg/m³,31°C,70%,6 km/h,1012 mbar
Pakis,"Indonesia, Banten, South Tangerang","11.00, Mar 30 Waktu setempat",2026-03-30 04:11:57,79,Sedang,PM2.5,24 µg/m³,30°C,69%,4 km/h,1008 mbar
KJ.O,"Indonesia, Jakarta, Jakarta","11.00, Mar 30 Waktu setempat",2026-03-30 04:12:25,92,Sedang,PM2.5,31 µg/m³,30°C,70%,6 km/h,1012 mbar
The RBS - AirVisual Outdoor,"Indonesia, Jakarta, Jakarta","11.00, Mar 30 Waktu setempat",2026-03-30 04:13:17,94,Sedang,PM2.5,32 µg/m³,30°C,75%,7 km/h,1011 mbar
Graha LMU,"Indonesia, Jakarta, Jakarta","11.00, Mar 30 Waktu setempat",2026-03-30 04:13:44,151,Tidak sehat,PM2.5,56 µg/m³,30°C,75%,7 km/h,1011 mbar
Semanggi,"Indonesia, Jakarta, Jakarta","11.00, Mar 30 Waktu setempat",2026-03-30 04:15:40,81,Sedang,PM2.5,25 µg/m³,30°C,75%,7 km/h,1011 mbar
"Duitku PG, Kebon Jeruk","Duitku PG, Kebon Jeruk","10.00, Mar 30 Waktu setempat",2026-03-30 04:16:35,96,Sedang,PM2.5,33 µg/m³,30°C,70%,6 km/h,1012 mbar
Wisma Barito Pacific,"Indonesia, Jakarta, Jakarta","11.00, Mar 30 Waktu setempat",2026-03-30 04:17:04,91,Sedang,PM2.5,30.7 µg/m³,31°C,70%,6 km/h,1012 mbar
Gran Melia Jakarta,"Indonesia, Jakarta, Jakarta","11.00, Mar 30 Waktu setempat",2026-03-30 04:20:25,110,Tidak sehat bagi kelompok sensitif,PM2.5,39 µg/m³,31°C,75%,9 km/h,1011 mbar
"Widya Chandra, JK","Widya Chandra, JK","10.00, Mar 30 Waktu setempat",2026-03-30 04:22:07,89,Sedang,PM2.5,29.7 µg/m³,31°C,75%,9 km/h,1011 mbar
Simprug THL Area,"Indonesia, Jakarta, Jakarta","11.00, Mar 30 Waktu setempat",2026-03-30 04:22:34,82,Sedang,PM2.5,26 µg/m³,31°C,75%,9 km/h,1011 mbar
JI. Benda Dalam,"Indonesia, Jakarta, Jakarta","16.00, Mar 30 Waktu setempat",2026-03-30 16:17:06,56,Sedang,PM2.5,12 µg/m³,31°C,75%,11 km/h,1008 mbar
Duta Niaga Pondok Indah,"Indonesia, Jakarta, Jakarta","16.00, Mar 30 Waktu setempat",2026-03-30 16:18:04,50,Baik,PM2.5,9 µg/m³,31°C,75%,11 km/h,1008 mbar
"Pulo Mas, Kayu Putih","Pulo Mas, Kayu Putih","16.00, Mar 30 Waktu setempat",2026-03-30 16:18:29,69,Sedang,PM2.5,19 µg/m³,31°C,70%,11 km/h,1008 mbar
P2T,"Indonesia, Banten, South Tangerang","16.00, Mar 30 Waktu setempat",2026-03-30 16:19:00,64,Sedang,PM2.5,16 µg/m³,30°C,59%,7 km/h,1008 mbar
Yayasan AHP - Lebak Bulus,"Indonesia, Banten, South Tangerang","16.00, Mar 30 Waktu setempat",2026-03-30 16:19:32,64,Sedang,PM2.5,16 µg/m³,28°C,81%,8 km/h,1010 mbar
Casa Grande Tower Chianti,"Indonesia, Jakarta, Jakarta","16.00, Mar 30 Waktu setempat",2026-03-30 16:20:03,64,Sedang,PM2.5,16 µg/m³,31°C,75%,11 km/h,1008 mbar
Taman Patra,"Indonesia, Jakarta, Jakarta","16.00, Mar 30 Waktu setempat",2026-03-30 16:20:34,66,Sedang,PM2.5,17 µg/m³,31°C,75%,11 km/h,1008 mbar
Ascott Kuningan - myhome,"Indonesia, Jakarta, Jakarta","16.00, Mar 30 Waktu setempat",2026-03-30 16:21:04,66,Sedang,PM2.5,17 µg/m³,31°C,75%,11 km/h,1008 mbar
INDODAX,"Indonesia, Jakarta, Jakarta","16.00, Mar 30 Waktu setempat",2026-03-30 16:21:36,62,Sedang,PM2.5,14.9 µg/m³,31°C,75%,11 km/h,1008 mbar
Wisma Matahari Power,"Indonesia, Jakarta, Jakarta","16.00, Mar 30 Waktu setempat",2026-03-30 16:22:07,66,Sedang,PM2.5,17 µg/m³,31°C,75%,11 km/h,1008 mbar
Kemang Timur V,"Indonesia, Jakarta, Jakarta","16.00, Mar 30 Waktu setempat",2026-03-30 16:22:33,62,Sedang,PM2.5,15 µg/m³,31°C,75%,11 km/h,1008 mbar
AHP Capital Place,"Indonesia, Jakarta, Jakarta","16.00, Mar 30 Waktu setempat",2026-03-30 16:23:03,62,Sedang,PM2.5,15 µg/m³,31°C,75%,11 km/h,1008 mbar
Cipete Selatan Asem II,"Indonesia, Jakarta, Jakarta","16.00, Mar 30 Waktu setempat",2026-03-30 16:23:28,55,Sedang,PM2.5,11 µg/m³,31°C,75%,11 km/h,1008 mbar
ERASMUS HUIS DUTCH CULTURAL CENTER,"Indonesia, Jakarta, Jakarta","16.00, Mar 30 Waktu setempat",2026-03-30 16:24:06,64,Sedang,PM2.5,15.9 µg/m³,31°C,75%,11 km/h,1008 mbar
"Rambutan, Ciracas","Rambutan, Ciracas","16.00, Mar 30 Waktu setempat",2026-03-30 16:24:35,75,Sedang,PM2.5,21.8 µg/m³,31°C,75%,11 km/h,1008 mbar
Cilandak Barat,"Indonesia, Jakarta, Jakarta","16.00, Mar 30 Waktu setempat",2026-03-30 16:25:07,62,Sedang,PM2.5,15 µg/m³,31°C,75%,11 km/h,1008 mbar
Jeruk Purut,"Indonesia, Jakarta, Jakarta","16.00, Mar 30 Waktu setempat",2026-03-30 16:25:39,92,Sedang,PM2.5,31 µg/m³,31°C,75%,11 km/h,1008 mbar
idsMED - JKT - Wisma 76,"Indonesia, Jakarta, Jakarta","16.00, Mar 30 Waktu setempat",2026-03-30 16:26:14,66,Sedang,PM2.5,16.9 µg/m³,31°C,75%,11 km/h,1008 mbar
Pakis,"Indonesia, Banten, South Tangerang","16.00, Mar 30 Waktu setempat",2026-03-30 16:26:52,71,Sedang,PM2.5,20 µg/m³,27°C,84%,9 km/h,1005 mbar
KJ.O,"Indonesia, Jakarta, Jakarta","16.00, Mar 30 Waktu setempat",2026-03-30 16:27:18,58,Sedang,PM2.5,13 µg/m³,30°C,70%,9 km/h,1008 mbar
The RBS - AirVisual Outdoor,"Indonesia, Jakarta, Jakarta","16.00, Mar 30 Waktu setempat",2026-03-30 16:28:18,56,Sedang,PM2.5,12 µg/m³,31°C,75%,11 km/h,1008 mbar
Graha LMU,"Indonesia, Jakarta, Jakarta","16.00, Mar 30 Waktu setempat",2026-03-30 16:28:50,99,Sedang,PM2.5,35 µg/m³,31°C,75%,11 km/h,1008 mbar
Jakarta Atmaya residences,"Indonesia, Jakarta, Jakarta","16.00, Mar 30 Waktu setempat",2026-03-30 16:29:21,56,Sedang,PM2.5,12 µg/m³,31°C,75%,11 km/h,1008 mbar
Kemang V,"Indonesia, Jakarta, Jakarta","16.00, Mar 30 Waktu setempat",2026-03-30 16:29:53,68,Sedang,PM2.5,18 µg/m³,31°C,75%,11 km/h,1008 mbar
"Widya Chandra, JK","Widya Chandra, JK","16.00, Mar 30 Waktu setempat",2026-03-30 16:30:24,78,Sedang,PM2.5,23.8 µg/m³,31°C,75%,11 km/h,1008 mbar
Cipaku IV,"Indonesia, Jakarta, Jakarta","16.00, Mar 30 Waktu setempat",2026-03-30 16:30:55,64,Sedang,PM2.5,16 µg/m³,31°C,75%,11 km/h,1008 mbar
Puri Indah,"Indonesia, Jakarta, Jakarta","15.00, Mar 30 Waktu setempat",2026-03-30 16:31:27,86,Sedang,PM2.5,28 µg/m³,30°C,70%,9 km/h,1008 mbar
Radiant Group Building,"Indonesia, Jakarta, Jakarta","15.00, Mar 30 Waktu setempat",2026-03-30 16:31:58,84,Sedang,PM2.5,27 µg/m³,31°C,75%,11 km/h,1008 mbar
Gran Melia Jakarta,"Indonesia, Jakarta, Jakarta","16.00, Mar 30 Waktu setempat",2026-03-30 16:36:03,69,Sedang,PM2.5,19 µg/m³,31°C,75%,11 km/h,1008 mbar
JI. Benda Dalam,"Indonesia, Jakarta, Jakarta","17.00, Mar 30 Waktu setempat",2026-03-30 17:16:10,66,Sedang,PM2.5,17 µg/m³,31°C,75%,11 km/h,1008 mbar
Duta Niaga Pondok Indah,"Indonesia, Jakarta, Jakarta","17.00, Mar 30 Waktu setempat",2026-03-30 17:16:38,60,Sedang,PM2.5,14 µg/m³,31°C,75%,11 km/h,1008 mbar
"Pulo Mas, Kayu Putih","Pulo Mas, Kayu Putih","17.00, Mar 30 Waktu setempat",2026-03-30 17:17:07,69,Sedang,PM2.5,19 µg/m³,31°C,75%,11 km/h,1008 mbar
P2T,"Indonesia, Banten, South Tangerang","17.00, Mar 30 Waktu setempat",2026-03-30 17:17:35,68,Sedang,PM2.5,18 µg/m³,28°C,77%,7 km/h,1008 mbar
Yayasan AHP - Lebak Bulus,"Indonesia, Banten, South Tangerang","17.00, Mar 30 Waktu setempat",2026-03-30 17:18:04,66,Sedang,PM2.5,17 µg/m³,28°C,81%,8 km/h,1010 mbar
Casa Grande Tower Chianti,"Indonesia, Jakarta, Jakarta","17.00, Mar 30 Waktu setempat",2026-03-30 17:18:33,68,Sedang,PM2.5,18 µg/m³,31°C,75%,11 km/h,1008 mbar
Taman Patra,"Indonesia, Jakarta, Jakarta","17.00, Mar 30 Waktu setempat",2026-03-30 17:19:02,69,Sedang,PM2.5,19 µg/m³,30°C,79%,9 km/h,1008 mbar
Ascott Kuningan - myhome,"Indonesia, Jakarta, Jakarta","17.00, Mar 30 Waktu setempat",2026-03-30 17:19:32,81,Sedang,PM2.5,25 µg/m³,31°C,75%,11 km/h,1008 mbar
INDODAX,"Indonesia, Jakarta, Jakarta","17.00, Mar 30 Waktu setempat",2026-03-30 17:20:03,67,Sedang,PM2.5,17.9 µg/m³,30°C,79%,9 km/h,1008 mbar
Wisma Matahari Power,"Indonesia, Jakarta, Jakarta","17.00, Mar 30 Waktu setempat",2026-03-30 17:20:35,69,Sedang,PM2.5,19 µg/m³,30°C,79%,9 km/h,1008 mbar
Kemang Timur V,"Indonesia, Jakarta, Jakarta","17.00, Mar 30 Waktu setempat",2026-03-30 17:21:06,68,Sedang,PM2.5,18 µg/m³,30°C,79%,9 km/h,1008 mbar
AHP Capital Place,"Indonesia, Jakarta, Jakarta","17.00, Mar 30 Waktu setempat",2026-03-30 17:21:36,69,Sedang,PM2.5,19 µg/m³,30°C,79%,9 km/h,1008 mbar
Cipete Selatan Asem II,"Indonesia, Jakarta, Jakarta","16.00, Mar 30 Waktu setempat",2026-03-30 17:22:12,55,Sedang,PM2.5,11 µg/m³,30°C,79%,9 km/h,1008 mbar
"Rambutan, Ciracas","Rambutan, Ciracas","17.00, Mar 30 Waktu setempat",2026-03-30 17:22:41,69,Sedang,PM2.5,18.9 µg/m³,30°C,79%,9 km/h,1008 mbar
ERASMUS HUIS DUTCH CULTURAL CENTER,"Indonesia, Jakarta, Jakarta","17.00, Mar 30 Waktu setempat",2026-03-30 17:23:12,97,Sedang,PM2.5,33.6 µg/m³,30°C,79%,9 km/h,1008 mbar
Cilandak Barat,"Indonesia, Jakarta, Jakarta","17.00, Mar 30 Waktu setempat",2026-03-30 17:23:43,66,Sedang,PM2.5,17 µg/m³,30°C,79%,9 km/h,1008 mbar
Jeruk Purut,"Indonesia, Jakarta, Jakarta","17.00, Mar 30 Waktu setempat",2026-03-30 17:24:12,81,Sedang,PM2.5,25 µg/m³,30°C,79%,9 km/h,1008 mbar
idsMED - JKT - Wisma 76,"Indonesia, Jakarta, Jakarta","17.00, Mar 30 Waktu setempat",2026-03-30 17:24:42,62,Sedang,PM2.5,14.9 µg/m³,30°C,75%,9 km/h,1008 mbar
Pakis,"Indonesia, Banten, South Tangerang","17.00, Mar 30 Waktu setempat",2026-03-30 17:25:15,64,Sedang,PM2.5,16 µg/m³,27°C,87%,5 km/h,1006 mbar
KJ.O,"Indonesia, Jakarta, Jakarta","17.00, Mar 30 Waktu setempat",2026-03-30 17:25:43,60,Sedang,PM2.5,14 µg/m³,29°C,75%,7 km/h,1009 mbar
The RBS - AirVisual Outdoor,"Indonesia, Jakarta, Jakarta","17.00, Mar 30 Waktu setempat",2026-03-30 17:26:37,68,Sedang,PM2.5,18 µg/m³,30°C,79%,9 km/h,1008 mbar
Graha LMU,"Indonesia, Jakarta, Jakarta","17.00, Mar 30 Waktu setempat",2026-03-30 17:27:07,117,Tidak sehat bagi kelompok sensitif,PM2.5,42 µg/m³,30°C,79%,9 km/h,1008 mbar
Jakarta Atmaya residences,"Indonesia, Jakarta, Jakarta","17.00, Mar 30 Waktu setempat",2026-03-30 17:27:37,64,Sedang,PM2.5,16 µg/m³,30°C,79%,9 km/h,1008 mbar
Kemang V,"Indonesia, Jakarta, Jakarta","17.00, Mar 30 Waktu setempat",2026-03-30 17:28:08,75,Sedang,PM2.5,22 µg/m³,30°C,79%,9 km/h,1008 mbar
"Widya Chandra, JK","Widya Chandra, JK","17.00, Mar 30 Waktu setempat",2026-03-30 17:28:36,64,Sedang,PM2.5,15.9 µg/m³,30°C,79%,9 km/h,1008 mbar
Cipaku IV,"Indonesia, Jakarta, Jakarta","17.00, Mar 30 Waktu setempat",2026-03-30 17:29:00,69,Sedang,PM2.5,19 µg/m³,30°C,79%,9 km/h,1008 mbar
Puri Indah,"Indonesia, Jakarta, Jakarta","17.00, Mar 30 Waktu setempat",2026-03-30 17:29:27,68,Sedang,PM2.5,18 µg/m³,29°C,75%,7 km/h,1009 mbar
Radiant Group Building,"Indonesia, Jakarta, Jakarta","17.00, Mar 30 Waktu setempat",2026-03-30 17:29:51,68,Sedang,PM2.5,18 µg/m³,30°C,79%,9 km/h,1008 mbar
Simprug THL Area,"Indonesia, Jakarta, Jakarta","17.00, Mar 30 Waktu setempat",2026-03-30 17:30:23,68,Sedang,PM2.5,18 µg/m³,30°C,79%,9 km/h,1008 mbar
Semanggi,"Indonesia, Jakarta, Jakarta","17.00, Mar 30 Waktu setempat",2026-03-30 17:30:53,66,Sedang,PM2.5,17 µg/m³,30°C,79%,9 km/h,1008 mbar
Gran Melia Jakarta,"Indonesia, Jakarta, Jakarta","17.00, Mar 30 Waktu setempat",2026-03-30 17:34:23,77,Sedang,PM2.5,23 µg/m³,30°C,79%,9 km/h,1008 mbar
JI. Benda Dalam,"Indonesia, Jakarta, Jakarta","09.00, Mar 31 Waktu setempat",2026-03-31 09:35:01,105,Tidak sehat bagi kelompok sensitif,PM2.5,37 µg/m³,29°C,79%,7 km/h,1012 mbar
Duta Niaga Pondok Indah,"Indonesia, Jakarta, Jakarta","09.00, Mar 31 Waktu setempat",2026-03-31 09:35:26,122,Tidak sehat bagi kelompok sensitif,PM2.5,44 µg/m³,29°C,79%,7 km/h,1012 mbar
"Pulo Mas, Kayu Putih","Pulo Mas, Kayu Putih","09.00, Mar 31 Waktu setempat",2026-03-31 09:35:58,158,Tidak sehat,PM2.5,66 µg/m³,29°C,79%,7 km/h,1012 mbar
P2T,"Indonesia, Banten, South Tangerang","09.00, Mar 31 Waktu setempat",2026-03-31 09:36:29,119,Tidak sehat bagi kelompok sensitif,PM2.5,43 µg/m³,29°C,70%,8 km/h,1012 mbar
Yayasan AHP - Lebak Bulus,"Indonesia, Banten, South Tangerang","09.00, Mar 31 Waktu setempat",2026-03-31 09:36:55,124,Tidak sehat bagi kelompok sensitif,PM2.5,45 µg/m³,28°C,71%,8 km/h,1013 mbar
Casa Grande Tower Chianti,"Indonesia, Jakarta, Jakarta","09.00, Mar 31 Waktu setempat",2026-03-31 09:37:27,151,Tidak sehat,PM2.5,56 µg/m³,29°C,79%,7 km/h,1012 mbar
Ascott Kuningan - myhome,"Indonesia, Jakarta, Jakarta","09.00, Mar 31 Waktu setempat",2026-03-31 09:37:58,154,Tidak sehat,PM2.5,60 µg/m³,29°C,79%,7 km/h,1012 mbar
Taman Patra,"Indonesia, Jakarta, Jakarta","09.00, Mar 31 Waktu setempat",2026-03-31 09:38:24,147,Tidak sehat bagi kelompok sensitif,PM2.5,54 µg/m³,29°C,79%,7 km/h,1012 mbar
Wisma Matahari Power,"Indonesia, Jakarta, Jakarta","09.00, Mar 31 Waktu setempat",2026-03-31 09:38:55,153,Tidak sehat,PM2.5,59 µg/m³,29°C,79%,7 km/h,1012 mbar
INDODAX,"Indonesia, Jakarta, Jakarta","09.00, Mar 31 Waktu setempat",2026-03-31 09:39:26,135,Tidak sehat bagi kelompok sensitif,PM2.5,49.3 µg/m³,29°C,79%,7 km/h,1012 mbar
Kemang Timur V,"Indonesia, Jakarta, Jakarta","09.00, Mar 31 Waktu setempat",2026-03-31 09:39:58,122,Tidak sehat bagi kelompok sensitif,PM2.5,44 µg/m³,29°C,79%,7 km/h,1012 mbar
AHP Capital Place,"Indonesia, Jakarta, Jakarta","09.00, Mar 31 Waktu setempat",2026-03-31 09:40:29,156,Tidak sehat,PM2.5,62 µg/m³,29°C,79%,7 km/h,1012 mbar
ERASMUS HUIS DUTCH CULTURAL CENTER,"Indonesia, Jakarta, Jakarta","09.00, Mar 31 Waktu setempat",2026-03-31 09:40:54,134,Tidak sehat bagi kelompok sensitif,PM2.5,49.1 µg/m³,29°C,79%,7 km/h,1012 mbar
Cipete Selatan Asem II,"Indonesia, Jakarta, Jakarta","09.00, Mar 31 Waktu setempat",2026-03-31 09:41:25,112,Tidak sehat bagi kelompok sensitif,PM2.5,40 µg/m³,29°C,79%,7 km/h,1012 mbar
"Rambutan, Ciracas","Rambutan, Ciracas","09.00, Mar 31 Waktu setempat",2026-03-31 09:41:57,135,Tidak sehat bagi kelompok sensitif,PM2.5,49.2 µg/m³,29°C,79%,7 km/h,1012 mbar
Cilandak Barat,"Indonesia, Jakarta, Jakarta","09.00, Mar 31 Waktu setempat",2026-03-31 09:42:28,142,Tidak sehat bagi kelompok sensitif,PM2.5,52 µg/m³,29°C,79%,7 km/h,1012 mbar
Jeruk Purut,"Indonesia, Jakarta, Jakarta","09.00, Mar 31 Waktu setempat",2026-03-31 09:42:58,165,Tidak sehat,PM2.5,76 µg/m³,29°C,79%,7 km/h,1012 mbar
idsMED - JKT - Wisma 76,"Indonesia, Jakarta, Jakarta","09.00, Mar 31 Waktu setempat",2026-03-31 09:43:31,101,Tidak sehat bagi kelompok sensitif,PM2.5,35.5 µg/m³,29°C,79%,7 km/h,1012 mbar
Pakis,"Indonesia, Banten, South Tangerang","09.00, Mar 31 Waktu setempat",2026-03-31 09:44:09,149,Tidak sehat bagi kelompok sensitif,PM2.5,55 µg/m³,28°C,73%,7 km/h,1009 mbar
KJ.O,"Indonesia, Jakarta, Jakarta","09.00, Mar 31 Waktu setempat",2026-03-31 09:44:36,152,Tidak sehat,PM2.5,57 µg/m³,28°C,79%,7 km/h,1012 mbar
The RBS - AirVisual Outdoor,"Indonesia, Jakarta, Jakarta","09.00, Mar 31 Waktu setempat",2026-03-31 09:45:54,155,Tidak sehat,PM2.5,61 µg/m³,29°C,79%,7 km/h,1012 mbar
Graha LMU,"Indonesia, Jakarta, Jakarta","09.00, Mar 31 Waktu setempat",2026-03-31 09:46:24,161,Tidak sehat,PM2.5,70 µg/m³,29°C,79%,7 km/h,1012 mbar
Jakarta Atmaya residences,"Indonesia, Jakarta, Jakarta","09.00, Mar 31 Waktu setempat",2026-03-31 09:46:55,110,Tidak sehat bagi kelompok sensitif,PM2.5,39 µg/m³,29°C,79%,7 km/h,1012 mbar
Kemang V,"Indonesia, Jakarta, Jakarta","09.00, Mar 31 Waktu setempat",2026-03-31 09:47:26,152,Tidak sehat,PM2.5,57 µg/m³,29°C,79%,7 km/h,1012 mbar
"Widya Chandra, JK","Widya Chandra, JK","09.00, Mar 31 Waktu setempat",2026-03-31 09:47:57,149,Tidak sehat bagi kelompok sensitif,PM2.5,54.9 µg/m³,29°C,79%,7 km/h,1012 mbar
Gran Melia Jakarta,"Indonesia, Jakarta, Jakarta","09.00, Mar 31 Waktu setempat",2026-03-31 09:52:13,155,Tidak sehat,PM2.5,61 µg/m³,29°C,79%,7 km/h,1012 mbar
JI. Benda Dalam,"Indonesia, Jakarta, Jakarta","10.00, Mar 31 Waktu setempat",2026-03-31 10:21:38,105,Tidak sehat bagi kelompok sensitif,PM2.5,37 µg/m³,30°C,75%,11 km/h,1012 mbar
"Pulo Mas, Kayu Putih","Pulo Mas, Kayu Putih","10.00, Mar 31 Waktu setempat",2026-03-31 10:22:04,132,Tidak sehat bagi kelompok sensitif,PM2.5,48 µg/m³,30°C,75%,9 km/h,1012 mbar
Duta Niaga Pondok Indah,"Indonesia, Jakarta, Jakarta","10.00, Mar 31 Waktu setempat",2026-03-31 10:22:30,115,Tidak sehat bagi kelompok sensitif,PM2.5,41 µg/m³,30°C,75%,11 km/h,1012 mbar
P2T,"Indonesia, Banten, South Tangerang","10.00, Mar 31 Waktu setempat",2026-03-31 10:23:02,119,Tidak sehat bagi kelompok sensitif,PM2.5,43 µg/m³,30°C,64%,10 km/h,1012 mbar
Casa Grande Tower Chianti,"Indonesia, Jakarta, Jakarta","10.00, Mar 31 Waktu setempat",2026-03-31 10:23:30,129,Tidak sehat bagi kelompok sensitif,PM2.5,47 µg/m³,30°C,75%,11 km/h,1012 mbar
Ascott Kuningan - myhome,"Indonesia, Jakarta, Jakarta","10.00, Mar 31 Waktu setempat",2026-03-31 10:23:55,153,Tidak sehat,PM2.5,59 µg/m³,30°C,75%,11 km/h,1012 mbar
Yayasan AHP - Lebak Bulus,"Indonesia, Banten, South Tangerang","10.00, Mar 31 Waktu setempat",2026-03-31 10:24:27,96,Sedang,PM2.5,33 µg/m³,30°C,65%,9 km/h,1013 mbar
Taman Patra,"Indonesia, Jakarta, Jakarta","10.00, Mar 31 Waktu setempat",2026-03-31 10:24:53,129,Tidak sehat bagi kelompok sensitif,PM2.5,47 µg/m³,30°C,75%,11 km/h,1012 mbar
Wisma Matahari Power,"Indonesia, Jakarta, Jakarta","10.00, Mar 31 Waktu setempat",2026-03-31 10:25:19,151,Tidak sehat,PM2.5,56 µg/m³,30°C,75%,11 km/h,1012 mbar
INDODAX,"Indonesia, Jakarta, Jakarta","10.00, Mar 31 Waktu setempat",2026-03-31 10:25:45,118,Tidak sehat bagi kelompok sensitif,PM2.5,42.5 µg/m³,30°C,75%,11 km/h,1012 mbar
Kemang Timur V,"Indonesia, Jakarta, Jakarta","10.00, Mar 31 Waktu setempat",2026-03-31 10:26:15,115,Tidak sehat bagi kelompok sensitif,PM2.5,41 µg/m³,30°C,75%,11 km/h,1012 mbar
Cipete Selatan Asem II,"Indonesia, Jakarta, Jakarta","10.00, Mar 31 Waktu setempat",2026-03-31 10:26:47,110,Tidak sehat bagi kelompok sensitif,PM2.5,39 µg/m³,30°C,75%,11 km/h,1012 mbar
ERASMUS HUIS DUTCH CULTURAL CENTER,"Indonesia, Jakarta, Jakarta","10.00, Mar 31 Waktu setempat",2026-03-31 10:27:17,128,Tidak sehat bagi kelompok sensitif,PM2.5,46.3 µg/m³,30°C,75%,11 km/h,1012 mbar
Cilandak Barat,"Indonesia, Jakarta, Jakarta","10.00, Mar 31 Waktu setempat",2026-03-31 10:27:49,124,Tidak sehat bagi kelompok sensitif,PM2.5,45 µg/m³,30°C,75%,11 km/h,1012 mbar
AHP Capital Place,"Indonesia, Jakarta, Jakarta","10.00, Mar 31 Waktu setempat",2026-03-31 10:28:20,154,Tidak sehat,PM2.5,60 µg/m³,30°C,75%,11 km/h,1012 mbar
"Rambutan, Ciracas","Rambutan, Ciracas","10.00, Mar 31 Waktu setempat",2026-03-31 10:28:52,108,Tidak sehat bagi kelompok sensitif,PM2.5,38.5 µg/m³,30°C,75%,11 km/h,1012 mbar
idsMED - JKT - Wisma 76,"Indonesia, Jakarta, Jakarta","10.00, Mar 31 Waktu setempat",2026-03-31 10:29:23,106,Tidak sehat bagi kelompok sensitif,PM2.5,37.5 µg/m³,30°C,75%,9 km/h,1012 mbar
Pakis,"Indonesia, Banten, South Tangerang","10.00, Mar 31 Waktu setempat",2026-03-31 10:29:51,117,Tidak sehat bagi kelompok sensitif,PM2.5,42 µg/m³,30°C,68%,9 km/h,1008 mbar
Jeruk Purut,"Indonesia, Jakarta, Jakarta","10.00, Mar 31 Waktu setempat",2026-03-31 10:30:23,163,Tidak sehat,PM2.5,72 µg/m³,30°C,75%,11 km/h,1012 mbar
KJ.O,"Indonesia, Jakarta, Jakarta","10.00, Mar 31 Waktu setempat",2026-03-31 10:31:23,139,Tidak sehat bagi kelompok sensitif,PM2.5,51 µg/m³,30°C,70%,9 km/h,1012 mbar
The RBS - AirVisual Outdoor,"Indonesia, Jakarta, Jakarta","10.00, Mar 31 Waktu setempat",2026-03-31 10:31:54,152,Tidak sehat,PM2.5,57 µg/m³,30°C,75%,11 km/h,1012 mbar
Graha LMU,"Indonesia, Jakarta, Jakarta","10.00, Mar 31 Waktu setempat",2026-03-31 10:32:24,159,Tidak sehat,PM2.5,67 µg/m³,30°C,75%,11 km/h,1012 mbar
Jakarta Atmaya residences,"Indonesia, Jakarta, Jakarta","10.00, Mar 31 Waktu setempat",2026-03-31 10:32:57,96,Sedang,PM2.5,33 µg/m³,30°C,75%,11 km/h,1012 mbar
Kemang V,"Indonesia, Jakarta, Jakarta","10.00, Mar 31 Waktu setempat",2026-03-31 10:33:28,137,Tidak sehat bagi kelompok sensitif,PM2.5,50 µg/m³,30°C,75%,11 km/h,1012 mbar
"Widya Chandra, JK","Widya Chandra, JK","10.00, Mar 31 Waktu setempat",2026-03-31 10:33:59,130,Tidak sehat bagi kelompok sensitif,PM2.5,47.3 µg/m³,30°C,75%,11 km/h,1012 mbar
Cipaku IV,"Indonesia, Jakarta, Jakarta","10.00, Mar 31 Waktu setempat",2026-03-31 10:34:30,147,Tidak sehat bagi kelompok sensitif,PM2.5,54 µg/m³,30°C,75%,11 km/h,1012 mbar
Puri Indah,"Indonesia, Jakarta, Jakarta","10.00, Mar 31 Waktu setempat",2026-03-31 10:35:02,165,Tidak sehat,PM2.5,75 µg/m³,30°C,70%,9 km/h,1012 mbar
Radiant Group Building,"Indonesia, Jakarta, Jakarta","10.00, Mar 31 Waktu setempat",2026-03-31 10:35:42,124,Tidak sehat bagi kelompok sensitif,PM2.5,45 µg/m³,30°C,75%,11 km/h,1012 mbar
Simprug THL Area,"Indonesia, Jakarta, Jakarta","10.00, Mar 31 Waktu setempat",2026-03-31 10:36:13,117,Tidak sehat bagi kelompok sensitif,PM2.5,42 µg/m³,30°C,75%,11 km/h,1012 mbar
"Duitku PG, Kebon Jeruk","Duitku PG, Kebon Jeruk","10.00, Mar 31 Waktu setempat",2026-03-31 10:36:40,147,Tidak sehat bagi kelompok sensitif,PM2.5,54 µg/m³,30°C,70%,9 km/h,1012 mbar
Gran Melia Jakarta,"Indonesia, Jakarta, Jakarta","10.00, Mar 31 Waktu setempat",2026-03-31 10:40:16,144,Tidak sehat bagi kelompok sensitif,PM2.5,53 µg/m³,30°C,75%,11 km/h,1012 mbar
JI. Benda Dalam,"Indonesia, Jakarta, Jakarta","11.00, Mar 31 Waktu setempat",2026-03-31 11:21:23,110,Tidak sehat bagi kelompok sensitif,PM2.5,39 µg/m³,31°C,70%,11 km/h,1011 mbar
"Pulo Mas, Kayu Putih","Pulo Mas, Kayu Putih","11.00, Mar 31 Waktu setempat",2026-03-31 11:21:54,94,Sedang,PM2.5,32 µg/m³,31°C,70%,11 km/h,1011 mbar
Duta Niaga Pondok Indah,"Indonesia, Jakarta, Jakarta","11.00, Mar 31 Waktu setempat",2026-03-31 11:22:18,134,Tidak sehat bagi kelompok sensitif,PM2.5,49 µg/m³,31°C,70%,11 km/h,1011 mbar
P2T,"Indonesia, Banten, South Tangerang","11.00, Mar 31 Waktu setempat",2026-03-31 11:22:47,151,Tidak sehat,PM2.5,56 µg/m³,31°C,58%,12 km/h,1011 mbar
Ascott Kuningan - myhome,"Indonesia, Jakarta, Jakarta","11.00, Mar 31 Waktu setempat",2026-03-31 11:23:16,155,Tidak sehat,PM2.5,61 µg/m³,31°C,70%,11 km/h,1011 mbar
Casa Grande Tower Chianti,"Indonesia, Jakarta, Jakarta","11.00, Mar 31 Waktu setempat",2026-03-31 11:23:45,132,Tidak sehat bagi kelompok sensitif,PM2.5,48 µg/m³,31°C,70%,11 km/h,1011 mbar
Yayasan AHP - Lebak Bulus,"Indonesia, Banten, South Tangerang","11.00, Mar 31 Waktu setempat",2026-03-31 11:24:10,110,Tidak sehat bagi kelompok sensitif,PM2.5,39 µg/m³,31°C,60%,11 km/h,1012 mbar
Wisma Matahari Power,"Indonesia, Jakarta, Jakarta","11.00, Mar 31 Waktu setempat",2026-03-31 11:24:34,139,Tidak sehat bagi kelompok sensitif,PM2.5,51 µg/m³,31°C,70%,11 km/h,1011 mbar
Taman Patra,"Indonesia, Jakarta, Jakarta","11.00, Mar 31 Waktu setempat",2026-03-31 11:25:03,132,Tidak sehat bagi kelompok sensitif,PM2.5,48 µg/m³,31°C,70%,11 km/h,1011 mbar
INDODAX,"Indonesia, Jakarta, Jakarta","11.00, Mar 31 Waktu setempat",2026-03-31 11:25:34,123,Tidak sehat bagi kelompok sensitif,PM2.5,44.5 µg/m³,31°C,70%,11 km/h,1011 mbar
Kemang Timur V,"Indonesia, Jakarta, Jakarta","11.00, Mar 31 Waktu setempat",2026-03-31 11:26:03,117,Tidak sehat bagi kelompok sensitif,PM2.5,42 µg/m³,31°C,70%,11 km/h,1011 mbar
ERASMUS HUIS DUTCH CULTURAL CENTER,"Indonesia, Jakarta, Jakarta","11.00, Mar 31 Waktu setempat",2026-03-31 11:26:35,128,Tidak sehat bagi kelompok sensitif,PM2.5,46.3 µg/m³,31°C,70%,11 km/h,1011 mbar
Cipete Selatan Asem II,"Indonesia, Jakarta, Jakarta","11.00, Mar 31 Waktu setempat",2026-03-31 11:26:58,115,Tidak sehat bagi kelompok sensitif,PM2.5,41 µg/m³,31°C,70%,11 km/h,1011 mbar
AHP Capital Place,"Indonesia, Jakarta, Jakarta","11.00, Mar 31 Waktu setempat",2026-03-31 11:27:28,158,Tidak sehat,PM2.5,65 µg/m³,31°C,70%,11 km/h,1011 mbar
Cilandak Barat,"Indonesia, Jakarta, Jakarta","11.00, Mar 31 Waktu setempat",2026-03-31 11:28:00,127,Tidak sehat bagi kelompok sensitif,PM2.5,46 µg/m³,31°C,70%,11 km/h,1011 mbar
"Rambutan, Ciracas","Rambutan, Ciracas","11.00, Mar 31 Waktu setempat",2026-03-31 11:28:29,97,Sedang,PM2.5,33.7 µg/m³,31°C,70%,11 km/h,1011 mbar
idsMED - JKT - Wisma 76,"Indonesia, Jakarta, Jakarta","11.00, Mar 31 Waktu setempat",2026-03-31 11:29:00,89,Sedang,PM2.5,29.7 µg/m³,31°C,70%,11 km/h,1011 mbar
Pakis,"Indonesia, Banten, South Tangerang","11.00, Mar 31 Waktu setempat",2026-03-31 11:29:31,110,Tidak sehat bagi kelompok sensitif,PM2.5,39 µg/m³,31°C,63%,11 km/h,1007 mbar
Jeruk Purut,"Indonesia, Jakarta, Jakarta","11.00, Mar 31 Waktu setempat",2026-03-31 11:30:03,158,Tidak sehat,PM2.5,65 µg/m³,31°C,70%,11 km/h,1011 mbar
KJ.O,"Indonesia, Jakarta, Jakarta","11.00, Mar 31 Waktu setempat",2026-03-31 11:31:01,127,Tidak sehat bagi kelompok sensitif,PM2.5,46 µg/m³,30°C,70%,11 km/h,1011 mbar
The RBS - AirVisual Outdoor,"Indonesia, Jakarta, Jakarta","11.00, Mar 31 Waktu setempat",2026-03-31 11:31:31,151,Tidak sehat,PM2.5,56 µg/m³,31°C,70%,11 km/h,1011 mbar
Graha LMU,"Indonesia, Jakarta, Jakarta","11.00, Mar 31 Waktu setempat",2026-03-31 11:32:01,110,Tidak sehat bagi kelompok sensitif,PM2.5,39 µg/m³,31°C,70%,11 km/h,1011 mbar
Kemang V,"Indonesia, Jakarta, Jakarta","11.00, Mar 31 Waktu setempat",2026-03-31 11:32:31,147,Tidak sehat bagi kelompok sensitif,PM2.5,54 µg/m³,31°C,70%,11 km/h,1011 mbar
"Widya Chandra, JK","Widya Chandra, JK","11.00, Mar 31 Waktu setempat",2026-03-31 11:33:00,130,Tidak sehat bagi kelompok sensitif,PM2.5,47.4 µg/m³,31°C,70%,11 km/h,1011 mbar
Cipaku IV,"Indonesia, Jakarta, Jakarta","11.00, Mar 31 Waktu setempat",2026-03-31 11:33:31,153,Tidak sehat,PM2.5,59 µg/m³,31°C,70%,11 km/h,1011 mbar
Jakarta Atmaya residences,"Indonesia, Jakarta, Jakarta","11.00, Mar 31 Waktu setempat",2026-03-31 11:34:00,99,Sedang,PM2.5,35 µg/m³,31°C,70%,11 km/h,1011 mbar
Radiant Group Building,"Indonesia, Jakarta, Jakarta","11.00, Mar 31 Waktu setempat",2026-03-31 11:34:49,139,Tidak sehat bagi kelompok sensitif,PM2.5,51 µg/m³,31°C,70%,11 km/h,1011 mbar
Simprug THL Area,"Indonesia, Jakarta, Jakarta","11.00, Mar 31 Waktu setempat",2026-03-31 11:35:13,117,Tidak sehat bagi kelompok sensitif,PM2.5,42 µg/m³,31°C,70%,11 km/h,1011 mbar
"Duitku PG, Kebon Jeruk","Duitku PG, Kebon Jeruk","11.00, Mar 31 Waktu setempat",2026-03-31 11:35:39,137,Tidak sehat bagi kelompok sensitif,PM2.5,50 µg/m³,30°C,70%,11 km/h,1011 mbar
Semanggi,"Indonesia, Jakarta, Jakarta","11.00, Mar 31 Waktu setempat",2026-03-31 11:36:08,105,Tidak sehat bagi kelompok sensitif,PM2.5,37 µg/m³,31°C,70%,11 km/h,1011 mbar
Gran Melia Jakarta,"Indonesia, Jakarta, Jakarta","11.00, Mar 31 Waktu setempat",2026-03-31 11:39:35,151,Tidak sehat,PM2.5,56 µg/m³,31°C,70%,11 km/h,1011 mbar
JI. Benda Dalam,"Indonesia, Jakarta, Jakarta","13.00, Mar 31 Waktu setempat",2026-03-31 13:21:43,88,Sedang,PM2.5,29 µg/m³,31°C,70%,13 km/h,1009 mbar
Duta Niaga Pondok Indah,"Indonesia, Jakarta, Jakarta","13.00, Mar 31 Waktu setempat",2026-03-31 13:22:42,105,Tidak sehat bagi kelompok sensitif,PM2.5,37 µg/m³,31°C,70%,13 km/h,1009 mbar
"Pulo Mas, Kayu Putih","Pulo Mas, Kayu Putih","13.00, Mar 31 Waktu setempat",2026-03-31 13:23:14,82,Sedang,PM2.5,26 µg/m³,31°C,70%,13 km/h,1009 mbar
P2T,"Indonesia, Banten, South Tangerang","13.00, Mar 31 Waktu setempat",2026-03-31 13:24:04,167,Tidak sehat,PM2.5,79 µg/m³,31°C,57%,17 km/h,1009 mbar
Taman Patra,"Indonesia, Jakarta, Jakarta","13.00, Mar 31 Waktu setempat",2026-03-31 13:24:29,84,Sedang,PM2.5,27 µg/m³,31°C,70%,13 km/h,1009 mbar
Casa Grande Tower Chianti,"Indonesia, Jakarta, Jakarta","13.00, Mar 31 Waktu setempat",2026-03-31 13:24:50,88,Sedang,PM2.5,29 µg/m³,31°C,70%,13 km/h,1009 mbar
Ascott Kuningan - myhome,"Indonesia, Jakarta, Jakarta","13.00, Mar 31 Waktu setempat",2026-03-31 13:25:26,115,Tidak sehat bagi kelompok sensitif,PM2.5,41 µg/m³,31°C,70%,13 km/h,1009 mbar
INDODAX,"Indonesia, Jakarta, Jakarta","12.00, Mar 31 Waktu setempat",2026-03-31 13:25:55,104,Tidak sehat bagi kelompok sensitif,PM2.5,36.7 µg/m³,31°C,70%,13 km/h,1009 mbar
Wisma Matahari Power,"Indonesia, Jakarta, Jakarta","13.00, Mar 31 Waktu setempat",2026-03-31 13:26:25,73,Sedang,PM2.5,21 µg/m³,31°C,70%,13 km/h,1009 mbar
Kemang Timur V,"Indonesia, Jakarta, Jakarta","13.00, Mar 31 Waktu setempat",2026-03-31 13:26:56,90,Sedang,PM2.5,30 µg/m³,31°C,70%,13 km/h,1009 mbar
Jeruk Purut,"Indonesia, Jakarta, Jakarta","13.00, Mar 31 Waktu setempat",2026-03-31 13:27:31,160,Tidak sehat,PM2.5,69 µg/m³,31°C,70%,13 km/h,1009 mbar
AHP Capital Place,"Indonesia, Jakarta, Jakarta","13.00, Mar 31 Waktu setempat",2026-03-31 13:28:05,96,Sedang,PM2.5,33 µg/m³,31°C,70%,13 km/h,1009 mbar
liveRankingHighlight.title,"Chiang Mai, Thailand",,2026-03-31 13:30:36,1,,,,,,,
Duta Niaga Pondok Indah,"Indonesia, Jakarta, Jakarta","14.00, Mar 31 Waktu setempat",2026-03-31 14:21:01,88,Sedang,PM2.5,29 µg/m³,31°C,70%,13 km/h,1009 mbar
P2T,"Indonesia, Banten, South Tangerang","14.00, Mar 31 Waktu setempat",2026-03-31 14:21:52,151,Tidak sehat,PM2.5,56 µg/m³,31°C,58%,15 km/h,1009 mbar
Yayasan AHP - Lebak Bulus,"Indonesia, Banten, South Tangerang","14.00, Mar 31 Waktu setempat",2026-03-31 14:22:21,110,Tidak sehat bagi kelompok sensitif,PM2.5,39 µg/m³,30°C,63%,14 km/h,1010 mbar
JI. Benda Dalam,"Indonesia, Jakarta, Jakarta","14.00, Mar 31 Waktu setempat",2026-03-31 14:22:50,79,Sedang,PM2.5,24 µg/m³,31°C,70%,13 km/h,1009 mbar
Taman Patra,"Indonesia, Jakarta, Jakarta","14.00, Mar 31 Waktu setempat",2026-03-31 14:23:19,75,Sedang,PM2.5,22 µg/m³,31°C,70%,13 km/h,1009 mbar
"Pulo Mas, Kayu Putih","Pulo Mas, Kayu Putih","14.00, Mar 31 Waktu setempat",2026-03-31 14:23:46,79,Sedang,PM2.5,24 µg/m³,31°C,70%,13 km/h,1009 mbar
Ascott Kuningan - myhome,"Indonesia, Jakarta, Jakarta","13.00, Mar 31 Waktu setempat",2026-03-31 14:24:14,115,Tidak sehat bagi kelompok sensitif,PM2.5,41 µg/m³,31°C,70%,13 km/h,1009 mbar
INDODAX,"Indonesia, Jakarta, Jakarta","12.00, Mar 31 Waktu setempat",2026-03-31 14:24:42,104,Tidak sehat bagi kelompok sensitif,PM2.5,36.7 µg/m³,31°C,70%,13 km/h,1009 mbar
Casa Grande Tower Chianti,"Indonesia, Jakarta, Jakarta","13.00, Mar 31 Waktu setempat",2026-03-31 14:25:13,88,Sedang,PM2.5,29 µg/m³,31°C,70%,13 km/h,1009 mbar
Wisma Matahari Power,"Indonesia, Jakarta, Jakarta","14.00, Mar 31 Waktu setempat",2026-03-31 14:25:41,81,Sedang,PM2.5,25 µg/m³,31°C,70%,13 km/h,1009 mbar
Kemang Timur V,"Indonesia, Jakarta, Jakarta","14.00, Mar 31 Waktu setempat",2026-03-31 14:26:05,79,Sedang,PM2.5,24 µg/m³,31°C,70%,13 km/h,1009 mbar
AHP Capital Place,"Indonesia, Jakarta, Jakarta","14.00, Mar 31 Waktu setempat",2026-03-31 14:26:34,86,Sedang,PM2.5,28 µg/m³,31°C,70%,13 km/h,1009 mbar
"Rambutan, Ciracas","Rambutan, Ciracas","14.00, Mar 31 Waktu setempat",2026-03-31 14:27:06,104,Tidak sehat bagi kelompok sensitif,PM2.5,36.6 µg/m³,31°C,70%,13 km/h,1009 mbar
Jeruk Purut,"Indonesia, Jakarta, Jakarta","14.00, Mar 31 Waktu setempat",2026-03-31 14:27:38,152,Tidak sehat,PM2.5,57 µg/m³,31°C,70%,13 km/h,1009 mbar
ERASMUS HUIS DUTCH CULTURAL CENTER,"Indonesia, Jakarta, Jakarta","14.00, Mar 31 Waktu setempat",2026-03-31 14:28:05,77,Sedang,PM2.5,22.8 µg/m³,31°C,70%,13 km/h,1009 mbar
Cipete Selatan Asem II,"Indonesia, Jakarta, Jakarta","14.00, Mar 31 Waktu setempat",2026-03-31 14:28:33,84,Sedang,PM2.5,27 µg/m³,31°C,70%,13 km/h,1009 mbar
idsMED - JKT - Wisma 76,"Indonesia, Jakarta, Jakarta","14.00, Mar 31 Waktu setempat",2026-03-31 14:29:05,66,Sedang,PM2.5,16.9 µg/m³,31°C,70%,13 km/h,1009 mbar
Cilandak Barat,"Indonesia, Jakarta, Jakarta","14.00, Mar 31 Waktu setempat",2026-03-31 14:29:35,105,Tidak sehat bagi kelompok sensitif,PM2.5,37 µg/m³,31°C,70%,13 km/h,1009 mbar
Pakis,"Indonesia, Banten, South Tangerang","14.00, Mar 31 Waktu setempat",2026-03-31 14:30:04,105,Tidak sehat bagi kelompok sensitif,PM2.5,37 µg/m³,30°C,67%,12 km/h,1005 mbar
KJ.O,"Indonesia, Jakarta, Jakarta","14.00, Mar 31 Waktu setempat",2026-03-31 14:30:34,79,Sedang,PM2.5,24 µg/m³,30°C,70%,11 km/h,1009 mbar
The RBS - AirVisual Outdoor,"Indonesia, Jakarta, Jakarta","14.00, Mar 31 Waktu setempat",2026-03-31 14:31:20,82,Sedang,PM2.5,26 µg/m³,31°C,70%,13 km/h,1009 mbar
Graha LMU,"Indonesia, Jakarta, Jakarta","14.00, Mar 31 Waktu setempat",2026-03-31 14:31:48,117,Tidak sehat bagi kelompok sensitif,PM2.5,42 µg/m³,31°C,70%,13 km/h,1009 mbar
Jakarta Atmaya residences,"Indonesia, Jakarta, Jakarta","14.00, Mar 31 Waktu setempat",2026-03-31 14:32:17,81,Sedang,PM2.5,25 µg/m³,31°C,70%,13 km/h,1009 mbar
"Widya Chandra, JK","Widya Chandra, JK","14.00, Mar 31 Waktu setempat",2026-03-31 14:32:47,75,Sedang,PM2.5,21.8 µg/m³,31°C,70%,13 km/h,1009 mbar
Cipaku IV,"Indonesia, Jakarta, Jakarta","14.00, Mar 31 Waktu setempat",2026-03-31 14:33:10,84,Sedang,PM2.5,27 µg/m³,31°C,70%,13 km/h,1009 mbar
Kemang V,"Indonesia, Jakarta, Jakarta","13.00, Mar 31 Waktu setempat",2026-03-31 14:33:39,99,Sedang,PM2.5,35 µg/m³,31°C,70%,13 km/h,1009 mbar
Puri Indah,"Indonesia, Jakarta, Jakarta","13.00, Mar 31 Waktu setempat",2026-03-31 14:34:06,84,Sedang,PM2.5,27 µg/m³,30°C,70%,11 km/h,1009 mbar
Simprug THL Area,"Indonesia, Jakarta, Jakarta","12.00, Mar 31 Waktu setempat",2026-03-31 14:34:38,96,Sedang,PM2.5,33 µg/m³,31°C,70%,13 km/h,1009 mbar
JI. Benda Dalam,"Indonesia, Jakarta, Jakarta","17.00, Mar 31 Waktu setempat",2026-03-31 17:21:25,75,Sedang,PM2.5,22 µg/m³,31°C,75%,11 km/h,1008 mbar
"Pulo Mas, Kayu Putih","Pulo Mas, Kayu Putih","17.00, Mar 31 Waktu setempat",2026-03-31 17:21:55,68,Sedang,PM2.5,18 µg/m³,31°C,70%,11 km/h,1008 mbar
Yayasan AHP - Lebak Bulus,"Indonesia, Banten, South Tangerang","17.00, Mar 31 Waktu setempat",2026-03-31 17:22:26,82,Sedang,PM2.5,26 µg/m³,29°C,70%,11 km/h,1010 mbar
Duta Niaga Pondok Indah,"Indonesia, Jakarta, Jakarta","17.00, Mar 31 Waktu setempat",2026-03-31 17:22:54,81,Sedang,PM2.5,25 µg/m³,31°C,75%,11 km/h,1008 mbar
P2T,"Indonesia, Banten, South Tangerang","17.00, Mar 31 Waktu setempat",2026-03-31 17:23:24,132,Tidak sehat bagi kelompok sensitif,PM2.5,48 µg/m³,29°C,67%,11 km/h,1009 mbar
Casa Grande Tower Chianti,"Indonesia, Jakarta, Jakarta","17.00, Mar 31 Waktu setempat",2026-03-31 17:23:52,66,Sedang,PM2.5,17 µg/m³,31°C,75%,11 km/h,1008 mbar
Taman Patra,"Indonesia, Jakarta, Jakarta","17.00, Mar 31 Waktu setempat",2026-03-31 17:24:21,71,Sedang,PM2.5,20 µg/m³,31°C,75%,11 km/h,1008 mbar
Ascott Kuningan - myhome,"Indonesia, Jakarta, Jakarta","17.00, Mar 31 Waktu setempat",2026-03-31 17:24:49,82,Sedang,PM2.5,26 µg/m³,31°C,75%,11 km/h,1008 mbar
INDODAX,"Indonesia, Jakarta, Jakarta","17.00, Mar 31 Waktu setempat",2026-03-31 17:25:18,80,Sedang,PM2.5,24.8 µg/m³,31°C,75%,11 km/h,1008 mbar
Kemang Timur V,"Indonesia, Jakarta, Jakarta","17.00, Mar 31 Waktu setempat",2026-03-31 17:25:50,81,Sedang,PM2.5,25 µg/m³,31°C,75%,11 km/h,1008 mbar
Wisma Matahari Power,"Indonesia, Jakarta, Jakarta","17.00, Mar 31 Waktu setempat",2026-03-31 17:26:21,73,Sedang,PM2.5,21 µg/m³,31°C,75%,11 km/h,1008 mbar
Cipete Selatan Asem II,"Indonesia, Jakarta, Jakarta","17.00, Mar 31 Waktu setempat",2026-03-31 17:26:52,79,Sedang,PM2.5,24 µg/m³,31°C,75%,11 km/h,1008 mbar
Cilandak Barat,"Indonesia, Jakarta, Jakarta","17.00, Mar 31 Waktu setempat",2026-03-31 17:27:21,92,Sedang,PM2.5,31 µg/m³,31°C,75%,11 km/h,1008 mbar
Jeruk Purut,"Indonesia, Jakarta, Jakarta","16.00, Mar 31 Waktu setempat",2026-03-31 17:27:51,167,Tidak sehat,PM2.5,78 µg/m³,31°C,75%,11 km/h,1008 mbar
AHP Capital Place,"Indonesia, Jakarta, Jakarta","17.00, Mar 31 Waktu setempat",2026-03-31 17:28:21,81,Sedang,PM2.5,25 µg/m³,31°C,75%,11 km/h,1008 mbar
"Rambutan, Ciracas","Rambutan, Ciracas","17.00, Mar 31 Waktu setempat",2026-03-31 17:28:49,101,Tidak sehat bagi kelompok sensitif,PM2.5,35.6 µg/m³,31°C,75%,11 km/h,1008 mbar
Pakis,"Indonesia, Banten, South Tangerang","17.00, Mar 31 Waktu setempat",2026-03-31 17:29:21,88,Sedang,PM2.5,29 µg/m³,29°C,74%,8 km/h,1005 mbar
ERASMUS HUIS DUTCH CULTURAL CENTER,"Indonesia, Jakarta, Jakarta","17.00, Mar 31 Waktu setempat",2026-03-31 17:29:49,66,Sedang,PM2.5,16.9 µg/m³,31°C,75%,11 km/h,1008 mbar
idsMED - JKT - Wisma 76,"Indonesia, Jakarta, Jakarta","17.00, Mar 31 Waktu setempat",2026-03-31 17:30:20,62,Sedang,PM2.5,14.9 µg/m³,31°C,70%,11 km/h,1008 mbar
KJ.O,"Indonesia, Jakarta, Jakarta","17.00, Mar 31 Waktu setempat",2026-03-31 17:30:48,71,Sedang,PM2.5,20 µg/m³,29°C,75%,11 km/h,1008 mbar
The RBS - AirVisual Outdoor,"Indonesia, Jakarta, Jakarta","17.00, Mar 31 Waktu setempat",2026-03-31 17:31:39,79,Sedang,PM2.5,24 µg/m³,31°C,75%,11 km/h,1008 mbar
Graha LMU,"Indonesia, Jakarta, Jakarta","17.00, Mar 31 Waktu setempat",2026-03-31 17:32:10,97,Sedang,PM2.5,34 µg/m³,31°C,75%,11 km/h,1008 mbar
Jakarta Atmaya residences,"Indonesia, Jakarta, Jakarta","17.00, Mar 31 Waktu setempat",2026-03-31 17:32:35,81,Sedang,PM2.5,25 µg/m³,31°C,75%,11 km/h,1008 mbar
Kemang V,"Indonesia, Jakarta, Jakarta","17.00, Mar 31 Waktu setempat",2026-03-31 17:33:06,84,Sedang,PM2.5,27 µg/m³,31°C,75%,11 km/h,1008 mbar
"Widya Chandra, JK","Widya Chandra, JK","17.00, Mar 31 Waktu setempat",2026-03-31 17:33:34,69,Sedang,PM2.5,18.9 µg/m³,31°C,75%,11 km/h,1008 mbar
Cipaku IV,"Indonesia, Jakarta, Jakarta","17.00, Mar 31 Waktu setempat",2026-03-31 17:34:04,81,Sedang,PM2.5,25 µg/m³,31°C,75%,11 km/h,1008 mbar
Puri Indah,"Indonesia, Jakarta, Jakarta","17.00, Mar 31 Waktu setempat",2026-03-31 17:34:33,77,Sedang,PM2.5,23 µg/m³,29°C,75%,11 km/h,1008 mbar
JI. Benda Dalam,"Indonesia, Jakarta, Jakarta","18.00, Mar 31 Waktu setempat",2026-03-31 18:21:16,68,Sedang,PM2.5,18 µg/m³,30°C,79%,9 km/h,1009 mbar
Ascott Kuningan - myhome,"Indonesia, Jakarta, Jakarta","18.00, Mar 31 Waktu setempat",2026-03-31 18:22:00,73,Sedang,PM2.5,21 µg/m³,30°C,79%,9 km/h,1009 mbar
Duta Niaga Pondok Indah,"Indonesia, Jakarta, Jakarta","18.00, Mar 31 Waktu setempat",2026-03-31 18:22:28,73,Sedang,PM2.5,21 µg/m³,30°C,79%,9 km/h,1009 mbar
Yayasan AHP - Lebak Bulus,"Indonesia, Banten, South Tangerang","18.00, Mar 31 Waktu setempat",2026-03-31 18:22:52,86,Sedang,PM2.5,28 µg/m³,28°C,74%,9 km/h,1011 mbar
"Pulo Mas, Kayu Putih","Pulo Mas, Kayu Putih","18.00, Mar 31 Waktu setempat",2026-03-31 18:23:17,62,Sedang,PM2.5,15 µg/m³,30°C,75%,9 km/h,1009 mbar
P2T,"Indonesia, Banten, South Tangerang","18.00, Mar 31 Waktu setempat",2026-03-31 18:23:40,154,Tidak sehat,PM2.5,60 µg/m³,28°C,72%,9 km/h,1009 mbar
Taman Patra,"Indonesia, Jakarta, Jakarta","18.00, Mar 31 Waktu setempat",2026-03-31 18:24:09,66,Sedang,PM2.5,17 µg/m³,30°C,79%,9 km/h,1009 mbar
Wisma Matahari Power,"Indonesia, Jakarta, Jakarta","18.00, Mar 31 Waktu setempat",2026-03-31 18:24:32,68,Sedang,PM2.5,18 µg/m³,30°C,79%,9 km/h,1009 mbar
Casa Grande Tower Chianti,"Indonesia, Jakarta, Jakarta","18.00, Mar 31 Waktu setempat",2026-03-31 18:25:00,60,Sedang,PM2.5,14 µg/m³,30°C,79%,9 km/h,1009 mbar
INDODAX,"Indonesia, Jakarta, Jakarta","18.00, Mar 31 Waktu setempat",2026-03-31 18:25:29,80,Sedang,PM2.5,24.8 µg/m³,30°C,79%,9 km/h,1009 mbar
ERASMUS HUIS DUTCH CULTURAL CENTER,"Indonesia, Jakarta, Jakarta","18.00, Mar 31 Waktu setempat",2026-03-31 18:25:56,56,Sedang,PM2.5,11.9 µg/m³,30°C,79%,9 km/h,1009 mbar
Kemang Timur V,"Indonesia, Jakarta, Jakarta","18.00, Mar 31 Waktu setempat",2026-03-31 18:26:20,68,Sedang,PM2.5,18 µg/m³,30°C,79%,9 km/h,1009 mbar
idsMED - JKT - Wisma 76,"Indonesia, Jakarta, Jakarta","18.00, Mar 31 Waktu setempat",2026-03-31 18:26:44,52,Sedang,PM2.5,9.9 µg/m³,30°C,75%,9 km/h,1009 mbar
AHP Capital Place,"Indonesia, Jakarta, Jakarta","18.00, Mar 31 Waktu setempat",2026-03-31 18:27:14,68,Sedang,PM2.5,18 µg/m³,30°C,79%,9 km/h,1009 mbar
Cipete Selatan Asem II,"Indonesia, Jakarta, Jakarta","17.00, Mar 31 Waktu setempat",2026-03-31 18:27:42,79,Sedang,PM2.5,24 µg/m³,30°C,79%,9 km/h,1009 mbar
"Rambutan, Ciracas","Rambutan, Ciracas","18.00, Mar 31 Waktu setempat",2026-03-31 18:28:14,93,Sedang,PM2.5,31.7 µg/m³,30°C,79%,9 km/h,1009 mbar
Jeruk Purut,"Indonesia, Jakarta, Jakarta","18.00, Mar 31 Waktu setempat",2026-03-31 18:28:45,147,Tidak sehat bagi kelompok sensitif,PM2.5,54 µg/m³,30°C,79%,9 km/h,1009 mbar
Cilandak Barat,"Indonesia, Jakarta, Jakarta","18.00, Mar 31 Waktu setempat",2026-03-31 18:29:10,88,Sedang,PM2.5,29 µg/m³,30°C,79%,9 km/h,1009 mbar
Pakis,"Indonesia, Banten, South Tangerang","18.00, Mar 31 Waktu setempat",2026-03-31 18:29:41,122,Tidak sehat bagi kelompok sensitif,PM2.5,44 µg/m³,28°C,81%,5 km/h,1006 mbar
KJ.O,"Indonesia, Jakarta, Jakarta","18.00, Mar 31 Waktu setempat",2026-03-31 18:30:12,68,Sedang,PM2.5,18 µg/m³,29°C,75%,9 km/h,1009 mbar
The RBS - AirVisual Outdoor,"Indonesia, Jakarta, Jakarta","18.00, Mar 31 Waktu setempat",2026-03-31 18:31:07,64,Sedang,PM2.5,16 µg/m³,30°C,79%,9 km/h,1009 mbar
Graha LMU,"Indonesia, Jakarta, Jakarta","18.00, Mar 31 Waktu setempat",2026-03-31 18:31:32,94,Sedang,PM2.5,32 µg/m³,30°C,79%,9 km/h,1009 mbar
"Widya Chandra, JK","Widya Chandra, JK","18.00, Mar 31 Waktu setempat",2026-03-31 18:31:55,62,Sedang,PM2.5,14.9 µg/m³,30°C,79%,9 km/h,1009 mbar
Cipaku IV,"Indonesia, Jakarta, Jakarta","18.00, Mar 31 Waktu setempat",2026-03-31 18:32:23,75,Sedang,PM2.5,22 µg/m³,30°C,79%,9 km/h,1009 mbar
Jakarta Atmaya residences,"Indonesia, Jakarta, Jakarta","18.00, Mar 31 Waktu setempat",2026-03-31 18:32:54,73,Sedang,PM2.5,21 µg/m³,30°C,79%,9 km/h,1009 mbar
Kemang V,"Indonesia, Jakarta, Jakarta","18.00, Mar 31 Waktu setempat",2026-03-31 18:33:23,73,Sedang,PM2.5,21 µg/m³,30°C,79%,9 km/h,1009 mbar
Simprug THL Area,"Indonesia, Jakarta, Jakarta","18.00, Mar 31 Waktu setempat",2026-03-31 18:34:11,66,Sedang,PM2.5,17 µg/m³,30°C,79%,9 km/h,1009 mbar
Radiant Group Building,"Indonesia, Jakarta, Jakarta","18.00, Mar 31 Waktu setempat",2026-03-31 18:34:42,69,Sedang,PM2.5,19 µg/m³,30°C,79%,9 km/h,1009 mbar
Semanggi,"Indonesia, Jakarta, Jakarta","18.00, Mar 31 Waktu setempat",2026-03-31 18:35:07,68,Sedang,PM2.5,18 µg/m³,30°C,79%,9 km/h,1009 mbar
"Duitku PG, Kebon Jeruk","Duitku PG, Kebon Jeruk","18.00, Mar 31 Waktu setempat",2026-03-31 18:35:34,68,Sedang,PM2.5,18 µg/m³,29°C,75%,9 km/h,1009 mbar
Pesantren Bayt Al-Quran,"Indonesia, Banten, South Tangerang","18.00, Mar 31 Waktu setempat",2026-03-31 18:36:07,156,Tidak sehat,PM2.5,62 µg/m³,27°C,81%,5 km/h,1007 mbar
JI. Benda Dalam,"Indonesia, Jakarta, Jakarta","19.00, Mar 31 Waktu setempat",2026-03-31 19:21:22,82,Sedang,PM2.5,26 µg/m³,29°C,79%,9 km/h,1009 mbar
"Pulo Mas, Kayu Putih","Pulo Mas, Kayu Putih","19.00, Mar 31 Waktu setempat",2026-03-31 19:21:50,66,Sedang,PM2.5,17 µg/m³,29°C,79%,7 km/h,1009 mbar
Casa Grande Tower Chianti,"Indonesia, Jakarta, Jakarta","19.00, Mar 31 Waktu setempat",2026-03-31 19:22:18,71,Sedang,PM2.5,20 µg/m³,29°C,79%,9 km/h,1009 mbar
Ascott Kuningan - myhome,"Indonesia, Jakarta, Jakarta","19.00, Mar 31 Waktu setempat",2026-03-31 19:22:46,82,Sedang,PM2.5,26 µg/m³,29°C,79%,9 km/h,1009 mbar
Duta Niaga Pondok Indah,"Indonesia, Jakarta, Jakarta","19.00, Mar 31 Waktu setempat",2026-03-31 19:23:14,132,Tidak sehat bagi kelompok sensitif,PM2.5,48 µg/m³,29°C,79%,9 km/h,1009 mbar
P2T,"Indonesia, Banten, South Tangerang","19.00, Mar 31 Waktu setempat",2026-03-31 19:23:38,168,Tidak sehat,PM2.5,80 µg/m³,28°C,75%,8 km/h,1010 mbar
Yayasan AHP - Lebak Bulus,"Indonesia, Banten, South Tangerang","19.00, Mar 31 Waktu setempat",2026-03-31 19:24:07,153,Tidak sehat,PM2.5,59 µg/m³,27°C,77%,9 km/h,1012 mbar
Wisma Matahari Power,"Indonesia, Jakarta, Jakarta","19.00, Mar 31 Waktu setempat",2026-03-31 19:24:35,69,Sedang,PM2.5,19 µg/m³,29°C,79%,9 km/h,1009 mbar
Taman Patra,"Indonesia, Jakarta, Jakarta","19.00, Mar 31 Waktu setempat",2026-03-31 19:25:03,69,Sedang,PM2.5,19 µg/m³,29°C,79%,9 km/h,1009 mbar
